-- MySQL dump 10.13  Distrib 5.5.28, for osx10.6 (i386)
--
-- Host: localhost    Database: jinbo
-- ------------------------------------------------------
-- Server version	5.5.28

/*!40101 SET @OLD_CHARACTER_SET_CLIENT=@@CHARACTER_SET_CLIENT */;
/*!40101 SET @OLD_CHARACTER_SET_RESULTS=@@CHARACTER_SET_RESULTS */;
/*!40101 SET @OLD_COLLATION_CONNECTION=@@COLLATION_CONNECTION */;
/*!40101 SET NAMES utf8 */;
/*!40103 SET @OLD_TIME_ZONE=@@TIME_ZONE */;
/*!40103 SET TIME_ZONE='+00:00' */;
/*!40014 SET @OLD_UNIQUE_CHECKS=@@UNIQUE_CHECKS, UNIQUE_CHECKS=0 */;
/*!40014 SET @OLD_FOREIGN_KEY_CHECKS=@@FOREIGN_KEY_CHECKS, FOREIGN_KEY_CHECKS=0 */;
/*!40101 SET @OLD_SQL_MODE=@@SQL_MODE, SQL_MODE='NO_AUTO_VALUE_ON_ZERO' */;
/*!40111 SET @OLD_SQL_NOTES=@@SQL_NOTES, SQL_NOTES=0 */;

--
-- Table structure for table `blog_visit_history`
--

DROP TABLE IF EXISTS `blog_visit_history`;
/*!40101 SET @saved_cs_client     = @@character_set_client */;
/*!40101 SET character_set_client = utf8 */;
CREATE TABLE `blog_visit_history` (
  `blogId` varchar(10) NOT NULL,
  `connectIPAddress` varchar(50) NOT NULL,
  `visited` timestamp NOT NULL DEFAULT CURRENT_TIMESTAMP ON UPDATE CURRENT_TIMESTAMP
) ENGINE=InnoDB DEFAULT CHARSET=utf8;
/*!40101 SET character_set_client = @saved_cs_client */;

--
-- Dumping data for table `blog_visit_history`
--

LOCK TABLES `blog_visit_history` WRITE;
/*!40000 ALTER TABLE `blog_visit_history` DISABLE KEYS */;
INSERT INTO `blog_visit_history` VALUES ('kwakyc87','0:0:0:0:0:0:0:1%0','2012-11-26 11:06:49'),('ryukimin','192.168.0.108','2012-11-26 11:07:40'),('a12345','192.168.0.150','2012-11-26 11:07:42'),('ryukimin','0:0:0:0:0:0:0:1%0','2012-11-26 11:08:01'),('a12345','0:0:0:0:0:0:0:1%0','2012-11-26 11:12:28'),('khm7825','192.168.0.147','2012-11-26 11:22:55'),('khm7825','0:0:0:0:0:0:0:1%0','2012-11-26 11:58:16'),('a12345','192.168.0.147','2012-11-26 12:00:35'),('ryukimin','192.168.0.147','2012-11-26 12:06:52'),('kwakyc87','192.168.0.147','2012-11-26 12:07:23'),('khm7825','192.168.0.108','2012-11-26 12:44:52'),('ryukimin','192.168.0.150','2012-11-26 12:50:27'),('kwakyc87','192.168.0.150','2012-11-26 12:50:42'),('a12345','192.168.0.108','2012-11-26 12:50:43'),('khm7825','192.168.0.150','2012-11-26 12:50:59'),('kwakyc87','192.168.0.108','2012-11-26 12:53:36'),('ryukimin','192.168.2.7','2012-11-27 06:00:12'),('a12345','192.168.2.5','2012-11-27 06:00:27'),('kwakyc87','127.0.0.1','2012-11-27 06:02:26'),('a12345','192.168.2.7','2012-11-27 06:06:22'),('khm7825','192.168.2.7','2012-11-27 06:07:10'),('kwakyc87','192.168.0.149','2012-11-27 06:24:15'),('hongzzang','192.168.2.7','2012-11-27 06:33:09'),('a12345','0:0:0:0:0:0:0:1','2012-11-27 06:48:04'),('kwakyc87','0:0:0:0:0:0:0:1','2012-11-27 07:55:56'),('ryukimin','0:0:0:0:0:0:0:1','2012-11-27 08:31:18'),('khm7825','0:0:0:0:0:0:0:1','2012-11-27 08:57:57'),('kwakyc87','0:0:0:0:0:0:0:1','2012-11-28 03:26:24'),('kwakyc87','192.168.2.2','2012-11-28 04:15:05'),('kwakyc87','0:0:0:0:0:0:0:1','2012-12-01 04:21:34'),('a12345','0:0:0:0:0:0:0:1','2012-12-01 04:27:39'),('kwakyc87','0:0:0:0:0:0:0:1','2012-12-04 07:09:06'),('kwakyc87','192.168.0.108','2012-12-04 07:11:06'),('ryukimin','192.168.0.108','2012-12-04 07:11:33'),('ryukimin','0:0:0:0:0:0:0:1','2012-12-04 07:25:23'),('a12345','192.168.0.108','2012-12-04 07:29:31'),('kwakyc87','0:0:0:0:0:0:0:1%0','2012-12-05 02:35:33'),('kwakyc87','0:0:0:0:0:0:0:1','2012-12-05 04:52:19'),('ryukimin','127.0.0.1','2012-12-05 05:00:34'),('a12345','127.0.0.1','2012-12-05 05:00:38'),('kwakyc87','127.0.0.1','2012-12-05 05:15:13'),('kwakyc87','192.168.2.2','2012-12-05 05:25:05'),('khm7825','127.0.0.1','2012-12-05 05:35:51'),('ryukimin','192.168.0.108','2012-12-05 05:37:18'),('khm7825','192.168.0.147','2012-12-05 05:37:56'),('a12345','192.168.2.8','2012-12-05 06:02:32'),('hongzzang','192.168.2.8','2012-12-05 06:04:35'),('ryukimin','192.168.2.8','2012-12-05 06:06:26'),('ryukimin','0:0:0:0:0:0:0:1','2012-12-06 04:10:46'),('khm7825','192.168.2.2','2012-12-06 04:14:26'),('kwakyc87','0:0:0:0:0:0:0:1','2012-12-06 04:16:46');
/*!40000 ALTER TABLE `blog_visit_history` ENABLE KEYS */;
UNLOCK TABLES;

--
-- Table structure for table `blog_widget`
--

DROP TABLE IF EXISTS `blog_widget`;
/*!40101 SET @saved_cs_client     = @@character_set_client */;
/*!40101 SET character_set_client = utf8 */;
CREATE TABLE `blog_widget` (
  `blogId` varchar(10) NOT NULL,
  `visitCount` varchar(5) NOT NULL,
  `contents` varchar(5) NOT NULL,
  `tag` varchar(5) NOT NULL,
  PRIMARY KEY (`blogId`)
) ENGINE=InnoDB DEFAULT CHARSET=utf8;
/*!40101 SET character_set_client = @saved_cs_client */;

--
-- Dumping data for table `blog_widget`
--

LOCK TABLES `blog_widget` WRITE;
/*!40000 ALTER TABLE `blog_widget` DISABLE KEYS */;
INSERT INTO `blog_widget` VALUES ('a12345','true','true','true'),('hongzzang','true','true','true'),('khm7825','true','true','true'),('kwakyc87','0','0','0'),('ryukimin','1','1','1');
/*!40000 ALTER TABLE `blog_widget` ENABLE KEYS */;
UNLOCK TABLES;

--
-- Table structure for table `blogs`
--

DROP TABLE IF EXISTS `blogs`;
/*!40101 SET @saved_cs_client     = @@character_set_client */;
/*!40101 SET character_set_client = utf8 */;
CREATE TABLE `blogs` (
  `id` varchar(10) NOT NULL,
  `title` varchar(100) NOT NULL,
  `owner` varchar(20) NOT NULL,
  `dateCreated` timestamp NOT NULL DEFAULT CURRENT_TIMESTAMP ON UPDATE CURRENT_TIMESTAMP,
  `totalCount` bigint(20) NOT NULL,
  `blogTheme` varchar(50) DEFAULT NULL,
  PRIMARY KEY (`id`)
) ENGINE=InnoDB DEFAULT CHARSET=utf8;
/*!40101 SET character_set_client = @saved_cs_client */;

--
-- Dumping data for table `blogs`
--

LOCK TABLES `blogs` WRITE;
/*!40000 ALTER TABLE `blogs` DISABLE KEYS */;
INSERT INTO `blogs` VALUES ('a12345','준용이의 지식창고','abaddon001@naver.com','2012-12-05 06:02:32',11,'black'),('hongzzang','홍익인간짱','freebb@dreamwiz.com','2012-12-05 06:04:35',2,'black'),('khm7825','깡군의 이모저모','2127825@naver.com','2012-12-06 04:14:26',9,'defaultTheme'),('kwakyc87','JINBO Is Not Blog','kwakyc87@gmail.com','2012-12-06 04:16:46',17,'defaultTheme'),('ryukimin','용기의 잡동사니','ryukimin@gmail.com','2012-12-06 04:10:46',12,'black');
/*!40000 ALTER TABLE `blogs` ENABLE KEYS */;
UNLOCK TABLES;

--
-- Table structure for table `category`
--

DROP TABLE IF EXISTS `category`;
/*!40101 SET @saved_cs_client     = @@character_set_client */;
/*!40101 SET character_set_client = utf8 */;
CREATE TABLE `category` (
  `id` bigint(20) NOT NULL,
  `blogId` varchar(10) NOT NULL,
  `displayId` bigint(20) NOT NULL,
  `title` varchar(50) NOT NULL,
  `orderValue` bigint(20) NOT NULL,
  PRIMARY KEY (`id`),
  UNIQUE KEY `blogId` (`blogId`,`displayId`)
) ENGINE=InnoDB DEFAULT CHARSET=utf8;
/*!40101 SET character_set_client = @saved_cs_client */;

--
-- Dumping data for table `category`
--

LOCK TABLES `category` WRITE;
/*!40000 ALTER TABLE `category` DISABLE KEYS */;
INSERT INTO `category` VALUES (1,'kwakyc87',1,'분류 없음',100000000),(2,'ryukimin',1,'Cat Dairy',100000000),(3,'a12345',1,'분류 없음',100000000),(4,'a12345',2,'10대에 읽어야 할 책',200000000),(5,'a12345',3,'20대에 읽어야 할 책',300000000),(6,'a12345',4,'30대체 읽어야 할 책',400000000),(7,'ryukimin',2,'IT ',200000000),(8,'khm7825',1,'분류 없음',100000000),(9,'khm7825',2,'먹고싶은 와인들^^',200000000),(10,'khm7825',3,'보고싶은 영화들^^',300000000),(11,'kwakyc87',2,'카테고리추가가장긴길이',200000000),(12,'ryukimin',3,'화장품!!',300000000),(13,'hongzzang',1,'분류 없음',100000000),(14,'hongzzang',2,'낙서글',200000000);
/*!40000 ALTER TABLE `category` ENABLE KEYS */;
UNLOCK TABLES;

--
-- Table structure for table `comment`
--

DROP TABLE IF EXISTS `comment`;
/*!40101 SET @saved_cs_client     = @@character_set_client */;
/*!40101 SET character_set_client = utf8 */;
CREATE TABLE `comment` (
  `id` bigint(20) NOT NULL,
  `targetBlogId` varchar(50) NOT NULL,
  `targetId` bigint(20) NOT NULL,
  `targetDisplayId` bigint(20) NOT NULL,
  `commentType` varchar(50) NOT NULL,
  `displayId` bigint(20) NOT NULL,
  `writerId` varchar(20) NOT NULL,
  `contents` varchar(512) NOT NULL,
  `dateCreated` timestamp NOT NULL DEFAULT CURRENT_TIMESTAMP ON UPDATE CURRENT_TIMESTAMP,
  PRIMARY KEY (`id`)
) ENGINE=InnoDB DEFAULT CHARSET=utf8;
/*!40101 SET character_set_client = @saved_cs_client */;

--
-- Dumping data for table `comment`
--

LOCK TABLES `comment` WRITE;
/*!40000 ALTER TABLE `comment` DISABLE KEYS */;
INSERT INTO `comment` VALUES (1,'khm7825',30,12,'post',1,'kwakyc87@gmail.com','와.. 재밌겠네요!! 꼭 보고싶습니다.','2012-11-26 11:58:49'),(2,'a12345',14,4,'post',1,'2127825@naver.com','정말 10대 청소년들이 한번쯤 읽어볼만한 책이군요 ^^','2012-11-26 12:08:37'),(3,'ryukimin',1,1,'guestbook',1,'ryukimin@gmail.com','감사합니다!!','2012-11-26 12:51:52'),(4,'kwakyc87',10,5,'guestbook',2,'abaddon001@naver.com','왔다 갑니다~~^^2','2012-11-26 12:54:44'),(5,'ryukimin',51,12,'post',1,'2127825@naver.com','이제 곧 폰을 바꿔야 하는데 급 땡기네요 ㅠㅠ','2012-11-27 06:29:22'),(6,'a12345',8,3,'guestbook',1,'abaddon001@naver.com','아직은 조사를 안해서 없어요...\r\n조만간 업뎃 할께요^^','2012-11-27 06:37:46'),(7,'kwakyc87',1,1,'post',1,'kwakyc87@gmail.com','Rff','2012-12-05 06:16:34');
/*!40000 ALTER TABLE `comment` ENABLE KEYS */;
UNLOCK TABLES;

--
-- Table structure for table `favorites`
--

DROP TABLE IF EXISTS `favorites`;
/*!40101 SET @saved_cs_client     = @@character_set_client */;
/*!40101 SET character_set_client = utf8 */;
CREATE TABLE `favorites` (
  `loginId` varchar(50) NOT NULL DEFAULT '',
  `blogId` varchar(100) NOT NULL,
  PRIMARY KEY (`loginId`,`blogId`)
) ENGINE=InnoDB DEFAULT CHARSET=utf8;
/*!40101 SET character_set_client = @saved_cs_client */;

--
-- Dumping data for table `favorites`
--

LOCK TABLES `favorites` WRITE;
/*!40000 ALTER TABLE `favorites` DISABLE KEYS */;
INSERT INTO `favorites` VALUES ('2127825@naver.com','a12345'),('2127825@naver.com','kwakyc87'),('2127825@naver.com','ryukimin'),('abaddon001@naver.com','khm7825'),('abaddon001@naver.com','kwakyc87'),('abaddon001@naver.com','ryukimin'),('kwakyc87@gmail.com','a12345'),('kwakyc87@gmail.com','ryukimin'),('ryukimin@gmail.com','a12345'),('ryukimin@gmail.com','khm7825'),('ryukimin@gmail.com','kwakyc87');
/*!40000 ALTER TABLE `favorites` ENABLE KEYS */;
UNLOCK TABLES;

--
-- Table structure for table `guestbook`
--

DROP TABLE IF EXISTS `guestbook`;
/*!40101 SET @saved_cs_client     = @@character_set_client */;
/*!40101 SET character_set_client = utf8 */;
CREATE TABLE `guestbook` (
  `id` bigint(20) NOT NULL,
  `blogId` varchar(10) NOT NULL,
  `displayId` bigint(20) NOT NULL,
  `writerId` varchar(20) NOT NULL,
  `contents` varchar(512) NOT NULL,
  `dateCreated` timestamp NOT NULL DEFAULT CURRENT_TIMESTAMP ON UPDATE CURRENT_TIMESTAMP,
  PRIMARY KEY (`id`)
) ENGINE=InnoDB DEFAULT CHARSET=utf8;
/*!40101 SET character_set_client = @saved_cs_client */;

--
-- Dumping data for table `guestbook`
--

LOCK TABLES `guestbook` WRITE;
/*!40000 ALTER TABLE `guestbook` DISABLE KEYS */;
INSERT INTO `guestbook` VALUES (1,'ryukimin',1,'kwakyc87@gmail.com','안녕하세요!! 들렀다갑니다.! ㅎㅎ','2012-11-26 11:08:15'),(2,'a12345',1,'kwakyc87@gmail.com','반갑습니다 :D','2012-11-26 11:13:53'),(3,'khm7825',1,'kwakyc87@gmail.com','안녕하세요!! __ 좋은 글 많네요 ㅋㅋ','2012-11-26 12:09:10'),(4,'kwakyc87',1,'kwakyc87@gmail.com','ㅗㄷㄱ','2012-11-26 12:09:36'),(5,'khm7825',4,'kwakyc87@gmail.com','Hello?','2012-11-26 12:10:43'),(6,'khm7825',6,'kwakyc87@gmail.com','곽영철 KWAK YEONG CHEOL','2012-11-26 12:44:39'),(7,'khm7825',7,'ryukimin@gmail.com','민용기 MIN YONG KEE','2012-11-26 12:45:05'),(8,'a12345',3,'ryukimin@gmail.com','읽어야 할 책 들이 많네요!!!\r<br />40대 이후는 없나요??','2012-11-26 12:52:37'),(9,'khm7825',8,'abaddon001@naver.com','형 라면 먹으러 갈까?..','2012-11-26 12:52:37'),(10,'kwakyc87',5,'ryukimin@gmail.com','왔다 갑니다~~^^','2012-11-26 12:53:52'),(11,'a12345',9,'2127825@naver.com','반갑습니다 ^^','2012-11-27 06:27:42'),(12,'ryukimin',2,'2127825@naver.com','안녕하세요 ^^','2012-11-27 06:28:34'),(13,'kwakyc87',11,'kwakyc87@gmail.com','','2012-11-28 04:12:29');
/*!40000 ALTER TABLE `guestbook` ENABLE KEYS */;
UNLOCK TABLES;

--
-- Table structure for table `notification`
--

DROP TABLE IF EXISTS `notification`;
/*!40101 SET @saved_cs_client     = @@character_set_client */;
/*!40101 SET character_set_client = utf8 */;
CREATE TABLE `notification` (
  `id` bigint(20) NOT NULL,
  `blogId` varchar(50) NOT NULL,
  `contents` varchar(1024) NOT NULL,
  `dateCreated` timestamp NOT NULL DEFAULT CURRENT_TIMESTAMP ON UPDATE CURRENT_TIMESTAMP,
  `isPublic` char(5) NOT NULL,
  PRIMARY KEY (`id`)
) ENGINE=InnoDB DEFAULT CHARSET=utf8;
/*!40101 SET character_set_client = @saved_cs_client */;

--
-- Dumping data for table `notification`
--

LOCK TABLES `notification` WRITE;
/*!40000 ALTER TABLE `notification` DISABLE KEYS */;
INSERT INTO `notification` VALUES (1,'ryukimin','<a href=\"/ryukimin/guestbook/1\">곽영철 님이 새 방명록을 남기셨습니다.</a>','2012-11-26 11:08:15','1'),(2,'a12345','<a href=\"/a12345/guestbook/1\">곽영철 님이 새 방명록을 남기셨습니다.</a>','2012-11-26 11:13:53','1'),(3,'khm7825','<a href=\"/khm7825/12\">곽영철님이 글에 댓글을 남겼습니다.</a>','2012-11-26 11:58:49','1'),(4,'kwakyc87','<a href=\"/kwakyc87/2\">곽영철님이 글에 댓글을 남겼습니다.</a>','2012-11-26 12:04:34','1'),(5,'a12345','<a href=\"/a12345/4\">강현모님이 글에 댓글을 남겼습니다.</a>','2012-11-26 12:08:37','1'),(6,'khm7825','<a href=\"/khm7825/guestbook/1\">곽영철 님이 새 방명록을 남기셨습니다.</a>','2012-11-26 12:09:10','1'),(7,'kwakyc87','<a href=\"/kwakyc87/guestbook/1\">곽영철 님이 새 방명록을 남기셨습니다.</a>','2012-11-26 12:09:36','1'),(8,'khm7825','<a href=\"/khm7825/guestbook/4\">곽영철 님이 새 방명록을 남기셨습니다.</a>','2012-11-26 12:10:43','1'),(9,'khm7825','<a href=\"/khm7825/guestbook/6\">곽영철 님이 새 방명록을 남기셨습니다.</a>','2012-11-26 12:44:39','1'),(10,'khm7825','<a href=\"/khm7825/guestbook/7\">민용기 님이 새 방명록을 남기셨습니다.</a>','2012-11-26 12:45:05','1'),(11,'ryukimin','<a href=\"/ryukimin/guestbook/1\">민용기님이 방명록에 댓글을 남겼습니다.</a>','2012-11-26 12:51:52','1'),(12,'a12345','<a href=\"/a12345/guestbook/3\">민용기 님이 새 방명록을 남기셨습니다.</a>','2012-11-26 12:52:37','1'),(13,'khm7825','<a href=\"/khm7825/guestbook/8\">최준용 님이 새 방명록을 남기셨습니다.</a>','2012-11-26 12:52:37','1'),(14,'kwakyc87','<a href=\"/kwakyc87/guestbook/5\">민용기 님이 새 방명록을 남기셨습니다.</a>','2012-11-26 12:53:52','1'),(15,'kwakyc87','<a href=\"/kwakyc87/guestbook/11\">최준용 님이 새 방명록을 남기셨습니다.</a>','2012-11-26 12:54:17','1'),(16,'kwakyc87','<a href=\"/kwakyc87/guestbook/5\">최준용님이 방명록에 댓글을 남겼습니다.</a>','2012-11-26 12:54:44','1'),(17,'a12345','<a href=\"/a12345/guestbook/9\">강현모 님이 새 방명록을 남기셨습니다.</a>','2012-11-27 06:27:42','1'),(18,'ryukimin','<a href=\"/ryukimin/guestbook/2\">강현모 님이 새 방명록을 남기셨습니다.</a>','2012-11-27 06:28:34','1'),(19,'ryukimin','<a href=\"/ryukimin/12\">강현모님이 글에 댓글을 남겼습니다.</a>','2012-11-27 06:29:22','1'),(20,'ryukimin','<a href=\"/ryukimin/15\">[책을 읽어보자!!!]</a> 글에서 스크랩 한 <a href=\"/a12345/29\">[준용이의 지식창고:20대 추천 도서 - 나같은 배우 되지마]</a> 글이 업데이트 되었습니다. <a href=\"/a12345/29/compare/2/1\">변경내역 보기</a>','2012-11-27 06:35:36','0'),(21,'a12345','<a href=\"/a12345/guestbook/3\">최준용님이 방명록에 댓글을 남겼습니다.</a>','2012-11-27 06:37:46','1'),(23,'khm7825','<a href=\"/khm7825/14\">[샘플]</a> 글에서 스크랩 한 <a href=\"/ryukimin/11\">[용기의 잡동사니:화장품의 종류- 크림]</a> 글이 업데이트 되었습니다. <a href=\"/ryukimin/11/compare/2/1\">변경내역 보기</a>','2012-11-27 08:43:03','0'),(24,'khm7825','<a href=\"/khm7825/14\">[샘플]</a> 글에서 스크랩 한 <a href=\"/a12345/35\">[준용이의 지식창고:사랑의 끝이 뾰족한 이유//...]</a> 글이 업데이트 되었습니다. <a href=\"/a12345/35/compare/2/1\">변경내역 보기</a>','2012-11-27 08:43:35','0'),(25,'khm7825','<a href=\"/khm7825/14\">[샘플]</a> 글에서 스크랩 한 <a href=\"/ryukimin/11\">[용기의 잡동사니:화장품의 종류- 크림]</a> 글이 업데이트 되었습니다. <a href=\"/ryukimin/11/compare/3/1\">변경내역 보기</a>','2012-11-27 08:47:14','0'),(26,'khm7825','<a href=\"/khm7825/14\">[샘플]</a> 글에서 스크랩 한 <a href=\"/ryukimin/11\">[용기의 잡동사니:화장품의 종류- 크림]</a> 글이 업데이트 되었습니다. <a href=\"/ryukimin/11/compare/4/1\">변경내역 보기</a>','2012-11-27 08:47:20','0'),(27,'khm7825','<a href=\"/khm7825/14\">[샘플]</a> 글에서 스크랩 한 <a href=\"/ryukimin/11\">[용기의 잡동사니:화장품의 종류- 크림]</a> 글이 업데이트 되었습니다. <a href=\"/ryukimin/11/compare/5/1\">변경내역 보기</a>','2012-11-27 08:56:28','0'),(28,'khm7825','<a href=\"/khm7825/15\">[처음글]</a> 글에서 스크랩 한 <a href=\"/ryukimin/11\">[용기의 잡동사니:화장품의 종류- 크림]</a> 글이 업데이트 되었습니다. <a href=\"/ryukimin/11/compare/6/5\">변경내역 보기</a>','2012-11-27 09:59:17','0'),(29,'khm7825','<a href=\"/khm7825/14\">[샘플]</a> 글에서 스크랩 한 <a href=\"/ryukimin/11\">[용기의 잡동사니:화장품의 종류- 크림]</a> 글이 업데이트 되었습니다. <a href=\"/ryukimin/11/compare/6/1\">변경내역 보기</a>','2012-11-27 09:59:17','0'),(30,'khm7825','<a href=\"/khm7825/15\">[처음글]</a> 글에서 스크랩 한 <a href=\"/a12345/30\">[준용이의 지식창고:20대 추천 도서 - 아프니까 청춘이다.]</a> 글이 업데이트 되었습니다. <a href=\"/a12345/30/compare/3/2\">변경내역 보기</a>','2012-11-27 09:59:46','0'),(31,'kwakyc87','<a href=\"/kwakyc87/guestbook/11\">곽영철 님이 새 방명록을 남기셨습니다.</a>','2012-11-28 04:12:29','1'),(32,'kwakyc87','<a href=\"/kwakyc87/1\">곽영철님이 글에 댓글을 남겼습니다.</a>','2012-12-05 06:16:34','1');
/*!40000 ALTER TABLE `notification` ENABLE KEYS */;
UNLOCK TABLES;

--
-- Table structure for table `post`
--

DROP TABLE IF EXISTS `post`;
/*!40101 SET @saved_cs_client     = @@character_set_client */;
/*!40101 SET character_set_client = utf8 */;
CREATE TABLE `post` (
  `id` bigint(20) NOT NULL,
  `categoryId` bigint(20) NOT NULL,
  `displayId` bigint(20) NOT NULL,
  `title` varchar(50) NOT NULL,
  `contents` mediumtext,
  `dateCreated` timestamp NOT NULL DEFAULT CURRENT_TIMESTAMP ON UPDATE CURRENT_TIMESTAMP,
  `contentsWithoutTag` varchar(10000) DEFAULT NULL,
  PRIMARY KEY (`id`)
) ENGINE=InnoDB DEFAULT CHARSET=utf8;
/*!40101 SET character_set_client = @saved_cs_client */;

--
-- Dumping data for table `post`
--

LOCK TABLES `post` WRITE;
/*!40000 ALTER TABLE `post` DISABLE KEYS */;
INSERT INTO `post` VALUES (1,1,1,'첫 번째 포스팅','<p>반갑습니다.&nbsp;</p><p>저도 드디어 가입했네요!! ㅋㅋㅋ</p><p><br></p><p>앞으로 열심히 포스팅해야겠습니다 ㅠㅠ</p>','2012-11-26 11:07:48','반갑습니다.&nbsp;저도 드디어 가입했네요!! ㅋㅋㅋ앞으로 열심히 포스팅해야겠습니다 ㅠㅠ'),(2,4,1,'10대 추천도서 - 10대 너의 배움에 주인이 되어라','<p><img style=\"width: 243.196px; height: 373px; cursor: nw-resize;\" src=\"http://192.168.0.149:8080/resources/upload/tmp/135392857112410age1.jpg/\"></p><p></p><p></p><p>&nbsp; 배움을 넘어 삶의 주인이 되기 위해 갖춰야 할 10대들의 철학! 왜, 무엇을, 어떻게 배워야 하는지에 대해 10대들과 나눈 뜨거운 대화<b>『10대 너의 배움에 주인이 되어라』</b>. 이 책은 금산 간디학교, 필리핀 간디학교 교장으로 활동 중인 저자 양희규가 10대 청소년들과 나눈 고민의 기록으로, 배움에 지친 10대들에게 배움의 기쁨을 되돌려주기 위한 저자만의 해법을 고스란히 담아낸 책이다. 저자는 사람은 누구나 배우고자 하는 열정을 가지고 있다고 이야기하며, 배움에 대한 염증을 치유하기 위한 다양한 방법을 제안한다. 공부스트레스, 배움에 대한 염증, 학교생활, 공부 방법, 대학, 전공 등 22가지 주제를 바탕으로 10대들과 나눈 대화를 저자와 소년의 대화형식으로 생생하게 풀어내고, 자기 발견을 통해 꿈을 찾아 갈 수 있도록 철학적인 지식을 동원해 10대가 추구해야 하는 삶의 자세에 대해 조언한다. </p><br><p></p>\r\n','2012-11-26 11:31:19','&nbsp; 배움을 넘어 삶의 주인이 되기 위해 갖춰야 할 10대들의 철학! 왜, 무엇을, 어떻게 배워야 하는지에 대해 10대들과 나눈 뜨거운 대화『10대 너의 배움에 주인이 되어라』. 이 책은 금산 간디학교, 필리핀 간디학교 교장으로 활동 중인 저자 양희규가 10대 청소년들과 나눈 고민의 기록으로, 배움에 지친 10대들에게 배움의 기쁨을 되돌려주기 위한 저자만의 해법을 고스란히 담아낸 책이다. 저자는 사람은 누구나 배우고자 하는 열정을 가지고 있다고 이야기하며, 배움에 대한 염증을 치유하기 위한 다양한 방법을 제안한다. 공부스트레스, 배움에 대한 염증, 학교생활, 공부 방법, 대학, 전공 등 22가지 주제를 바탕으로 10대들과 나눈 대화를 저자와 소년의 대화형식으로 생생하게 풀어내고, 자기 발견을 통해 꿈을 찾아 갈 수 있도록 철학적인 지식을 동원해 10대가 추구해야 하는 삶의 자세에 대해 조언한다.'),(3,7,1,'소켓 프로그래밍 - TCP/UDP','<p><b>소켓 프로그래밍</b><br>&nbsp;- 소켓을 이용한 통신 프로그래밍.<br>&nbsp;- 소켓(Socket)이란 프로세스 간의 통신에 사용되는 양쪽 끝단(endPoint)을 의미.(전화기에 비유)<br>&nbsp;- java.net 패키지에서 제공.<br><br><br><br><b>TCP와 UDP</b><br>&nbsp;- TCP/IP 프로토콜은 이기종 시스템간의 통신을 위한 표준 프로토콜.<br>&nbsp;- TCP와 UDP 모두 TCP/IP 프로토콜(TCP/IP protocol suites)에 포함되어 있으며<br>&nbsp; &nbsp;OSI 5계층의 전송계층(transport layer)에 해당하는 프로토콜.<br>&nbsp;- TCP와 UDP는 전송 방식이 다르며, 각 방식에 따른 장단점이 있다.<br>&nbsp;- 데이터 교환은 입출력스트림으로 한다.<br><br><p><img src=\"http://cfile1.uf.tistory.com/image/135A143F4F0EB2860E7687\" alt=\"\" height=\"259\" width=\"600\"></p><br><p><img src=\"http://cfile10.uf.tistory.com/image/1251E6474F0EB4C812587C\" alt=\"\" height=\"212\" width=\"600\"></p><br></p>','2012-11-26 11:19:16','소켓 프로그래밍&nbsp;- 소켓을 이용한 통신 프로그래밍.&nbsp;- 소켓(Socket)이란 프로세스 간의 통신에 사용되는 양쪽 끝단(endPoint)을 의미.(전화기에 비유)&nbsp;- java.net 패키지에서 제공.TCP와 UDP&nbsp;- TCP/IP 프로토콜은 이기종 시스템간의 통신을 위한 표준 프로토콜.&nbsp;- TCP와 UDP 모두 TCP/IP 프로토콜(TCP/IP protocol suites)에 포함되어 있으며&nbsp; &nbsp;OSI 5계층의 전송계층(transport layer)에 해당하는 프로토콜.&nbsp;- TCP와 UDP는 전송 방식이 다르며, 각 방식에 따른 장단점이 있다.&nbsp;- 데이터 교환은 입출력스트림으로 한다.'),(4,4,2,'10대 추천도서 - 공자가 청춘에게','<p><img src=\"http://192.168.0.149:8080/resources/upload/tmp/135392898883510age2.jpg/\"></p><p>&nbsp; <b>2500년 전 ‘맨발의 청춘’ 공자, 오늘의 그대에게 ‘청춘’을 고백하다!</b></p><p>&nbsp; 도대체 어떻게 살아야 하나 싶은 그대에게 공자가 전하는 인생 고백 39『공자가 청춘에게』. 현재 고려대학교 교육학과 교수로 재직하면서 ‘교육철학사상’과 ‘한국전통교육’ 등을 후학에게 강의하고 있는 저자 신창호가 공자의 39가지 인생이야기를 통해 어떤 난관과 유혹에도 흔들리지 않고 자신을 세우는 법을 제시하였다. ‘날 때부터 모든 것을 아는 존재’로 떠받드는 공자지만, 2,500년 전 당시 ‘청춘 공자’는 볼품없는 외모는 물론 앞날도 캄캄한 시절을 보내야 했다. 이 책은 그런 악조건 속에서 오랜 세월 동안 사람들의 삶의 롤 모델이 된 공자가 당시 청춘이던 제자들과 나눴던 이야기들, 스스로 경험한 일화들, 옛 선현들의 말씀들을 소재로 한 인생 고백을 생생하게 들려준다. 오늘날 인생의 출발선에 선 모든 청춘들이 고난을 극복하고 꿋꿋하게 살아갈 수 있는 근본적인 힘을 기를 수 있도록 안내한다.</p><p><br></p>','2012-11-26 11:30:34','&nbsp;2500년 전 ‘맨발의 청춘’ 공자, 오늘의 그대에게 ‘청춘’을 고백하다!&nbsp; 도대체 어떻게 살아야 하나 싶은 그대에게 공자가 전하는 인생 고백 39『공자가 청춘에게』. 현재 고려대학교 교육학과 교수로 재직하면서 ‘교육철학사상’과 ‘한국전통교육’ 등을 후학에게 강의하고 있는 저자 신창호가 공자의 39가지 인생이야기를 통해 어떤 난관과 유혹에도 흔들리지 않고 자신을 세우는 법을 제시하였다. ‘날 때부터 모든 것을 아는 존재’로 떠받드는 공자지만, 2,500년 전 당시 ‘청춘 공자’는 볼품없는 외모는 물론 앞날도 캄캄한 시절을 보내야 했다. 이 책은 그런 악조건 속에서 오랜 세월 동안 사람들의 삶의 롤 모델이 된 공자가 당시 청춘이던 제자들과 나눴던 이야기들, 스스로 경험한 일화들, 옛 선현들의 말씀들을 소재로 한 인생 고백을 생생하게 들려준다. 오늘날 인생의 출발선에 선 모든 청춘들이 고난을 극복하고 꿋꿋하게 살아갈 수 있는 근본적인 힘을 기를 수 있도록 안내한다.'),(5,9,1,'2002 Domaine de la Romanee Conti Echezeaux','<p></p><p><img src=\"http://192.168.0.149:8080/resources/upload/tmp/1353929057311wine1.jpg/\" style=\"width: 214.24277456647397px; height: 328px; cursor: nw-resize;\"></p><p></p><p>미디엄 루비 컬러<span>..</span></p>\r\n\r\n<p>새디먼트 없음<span>..</span></p><p></p><p>플라워 캐릭터로 시작하여 매우 부드럽고 은은한 향기들을 피워냅니다<span>..</span></p>\r\n\r\n<p>로즈 라스베리 스트로베리 바닐라 허브 바이올렛 약간의 스파이시함<span>..</span></p>\r\n\r\n<p>부드럽고 하늘하늘한 느낌의 향기가 기분 좋습니다<span>..</span></p>\r\n\r\n<p>타닌 미디엄 투 풀<span>..</span></p>\r\n\r\n<p>애시디티 미디엄 투 하이<span>..</span></p>\r\n\r\n<p>피니쉬 미디엄 투 롱<span>..</span></p>\r\n\r\n<p>밸런스 굿<span>..</span></p>\r\n\r\n<p>알코올<span> 13%..</span></p>\r\n\r\n<p>애시디티가 참 좋습니다<span>..</span></p>\r\n\r\n<p>푸루티함과 쥬시함 꼭 은은한 향수를 머금는 느낌의<span>..</span></p>\r\n\r\n<p>컴플렉씨티와 파워가 조금 떨어지는게 흠입니다<span>..</span></p><p></p>\r\n','2012-11-26 11:53:06','미디엄 루비 컬러..새디먼트 없음..플라워 캐릭터로 시작하여 매우 부드럽고 은은한 향기들을 피워냅니다..로즈 라스베리 스트로베리 바닐라 허브 바이올렛 약간의 스파이시함..부드럽고 하늘하늘한 느낌의 향기가 기분 좋습니다..타닌 미디엄 투 풀..애시디티 미디엄 투 하이..피니쉬 미디엄 투 롱..밸런스 굿..알코올13%..애시디티가 참 좋습니다..푸루티함과 쥬시함 꼭 은은한 향수를 머금는 느낌의..컴플렉씨티와 파워가 조금 떨어지는게 흠입니다..'),(6,9,2,'2002 Domaine de la Romanee Conti Grands Echezeaux ','<p></p><p><img src=\"http://192.168.0.149:8080/resources/upload/tmp/1353929141721wine2.jpg/\" style=\"width: 229.42117647058822px; height: 352px; cursor: nw-resize;\"></p><p>2002 Domaine de la Romanee Conti Grands Echezeaux </p>\r\n\r\n<p>미디엄 루비 컬러<span>.. </span></p>\r\n\r\n<p>새디먼트 없음<span>.. </span></p>\r\n\r\n<p>플로럴 민트 허브 미네럴<span>.. </span></p>\r\n\r\n<p>라스베리 블랙베리 등의 광리 캐릭터<span>.. </span></p>\r\n\r\n<p>약간의 오크 터치<span>.. </span></p>\r\n\r\n<p>타닌 풀<span>.. </span></p>\r\n\r\n<p>애시디티 미디엄 투 하이<span>.. </span></p>\r\n\r\n<p>피니쉬 미디엄 투 롱<span>.. </span></p>\r\n\r\n<p>밸런스 굿<span>.. </span></p>\r\n\r\n알코올<span> 13%..</span><br><p></p>\r\n','2012-11-26 11:52:52','2002 Domaine de la Romanee Conti Grands Echezeaux미디엄 루비 컬러..새디먼트 없음..플로럴 민트 허브 미네럴..라스베리 블랙베리 등의 광리 캐릭터..약간의 오크 터치..타닌 풀..애시디티 미디엄 투 하이..피니쉬 미디엄 투 롱..밸런스 굿..알코올13%..'),(7,9,3,'2002 Domaine de la Romanee Conti Grands Echezeaux ','<p></p><p><img src=\"http://192.168.0.149:8080/resources/upload/tmp/1353929184109wine3.jpg/\" style=\"width: 191.9269406392694px; height: 296px;\"></p><p>미디엄 루비 컬러<span>.. </span></p>\r\n\r\n<p>새디먼트 없음<span>.. </span></p>\r\n\r\n<p>플로럴 민트 허브 미네럴<span>.. </span></p>\r\n\r\n<p>라스베리 블랙베리 등의 광리 캐릭터<span>.. </span></p>\r\n\r\n<p>약간의 오크 터치<span>.. </span></p>\r\n\r\n<p>타닌 풀<span>.. </span></p>\r\n\r\n<p>애시디티 미디엄 투 하이<span>.. </span></p>\r\n\r\n<p>피니쉬 미디엄 투 롱<span>.. </span></p>\r\n\r\n<p>밸런스 굿<span>.. </span></p>\r\n\r\n<p>알코올<span> 13%..&nbsp;</span></p><br><p></p>\r\n','2012-11-26 11:31:32','미디엄 루비 컬러..새디먼트 없음..플로럴 민트 허브 미네럴..라스베리 블랙베리 등의 광리 캐릭터..약간의 오크 터치..타닌 풀..애시디티 미디엄 투 하이..피니쉬 미디엄 투 롱..밸런스 굿..알코올13%..&nbsp;'),(8,9,4,'샤또 가쟁(Ch. Gazin) ','<p></p><p><img src=\"http://192.168.0.149:8080/resources/upload/tmp/1353929207966wine7.jpg/\" style=\"\"></p><p>원산지<span> : 프랑스 뽀므롤\r\n</span></p>\r\n\r\n<p>알 콜 도 수<span> : % </span></p>\r\n\r\n<p>용<span>&nbsp; 량 : 750ml </span></p>\r\n\r\n<p>주포도품종<span> : 멀롯 90%, 까베르네 프랑 3%, 까베르네 쇼비뇽 7% </span></p>\r\n\r\n<p>빈<span>&nbsp; 티&nbsp; 지 : 2003 </span></p>\r\n\r\n<p>분<span>&nbsp; 류 : 레드 </span></p>\r\n\r\n<p>등<span>&nbsp; 급 : </span></p>\r\n\r\n<p>Flabor&nbsp; : </p>\r\n\r\n<p>짙은 자주색<span>, 검붉은색 과일\r\n아로마, 약간 스파이시하면서 가죽향 </span></p>\r\n\r\n<p>아주 좋은 밸런스와 부드러운 탄닌이 느껴짐 </p>\r\n\r\n<p>10~15년 숙성\r\n후 마시면 좋음 </p>\r\n\r\n<p>육고기 뿐만 아니라 생선<span>, 아몬드, 카라멜, 바닐라 등 과일과도 잘 맞는 와인 </span></p>\r\n<p>자주색이 참으로 우아하지만 상당히 어리다<span>. </span></p>\r\n\r\n<p>스파이시한 향이 코를 자극한다<span>. </span></p>\r\n\r\n<p>2003년이라\r\n하더라도 균형이 잘 잡혀 있음은 말할것이 없지만<span>, 묵직한 탄닌과 기분좋을 아니 기분 나쁠 정도로 빨리\r\n없어지지 않는 피니쉬는 전혀 느낄수 없어 아쉽다. </span></p>\r\n\r\n<p>가끔씩은 그런 생각을 한다<span>. </span></p>\r\n\r\n<p>한국인이 진정 와인을 적당하게 마실 수 있게 수입사에서는 무한한 노력을\r\n해야할 것 같은<span>...... </span></p>\r\n\r\n<p>적어도 빈티지가 최근인 와인을 수입하지를 말던가 수입해서 수입사 창고에\r\n장기보관 후에 판매를 하던가<span>.....&nbsp; 이건\r\n무슨 최근 빈티지일수록 더 잘 나가고 95년 이전으로는 거의 구하기가 힘드니 진정 한국에서는 제대로된\r\n시음을 하기가 힘든것이 사실이다. </span></p>\r\n\r\n<p>지극히 뽀므롤 스럽다<span>..........?\r\n</span></p>\r\n\r\nㅎㅎ 내가 느낀\r\n샤또 가쟁에 대한 평가이다<span>. 더도말고 덜도말고 여기서 부드러운 탄닌과 혀 뿌리를 잡고 안내려 갈려는\r\n듯한 피니쉬가 필요한것은 말 할것도 없다.&nbsp;</span><p></p>\r\n','2012-11-26 11:32:09','원산지: 프랑스 뽀므롤알 콜 도 수: %용&nbsp; 량 : 750ml주포도품종: 멀롯 90%, 까베르네 프랑 3%, 까베르네 쇼비뇽 7%빈&nbsp; 티&nbsp; 지 : 2003분&nbsp; 류 : 레드등&nbsp; 급 :Flabor&nbsp; :짙은 자주색, 검붉은색 과일\r\n아로마, 약간 스파이시하면서 가죽향아주 좋은 밸런스와 부드러운 탄닌이 느껴짐10~15년 숙성\r\n후 마시면 좋음육고기 뿐만 아니라 생선, 아몬드, 카라멜, 바닐라 등 과일과도 잘 맞는 와인자주색이 참으로 우아하지만 상당히 어리다.스파이시한 향이 코를 자극한다.2003년이라\r\n하더라도 균형이 잘 잡혀 있음은 말할것이 없지만, 묵직한 탄닌과 기분좋을 아니 기분 나쁠 정도로 빨리\r\n없어지지 않는 피니쉬는 전혀 느낄수 없어 아쉽다.가끔씩은 그런 생각을 한다.한국인이 진정 와인을 적당하게 마실 수 있게 수입사에서는 무한한 노력을\r\n해야할 것 같은......적어도 빈티지가 최근인 와인을 수입하지를 말던가 수입해서 수입사 창고에\r\n장기보관 후에 판매를 하던가.....&nbsp; 이건\r\n무슨 최근 빈티지일수록 더 잘 나가고 95년 이전으로는 거의 구하기가 힘드니 진정 한국에서는 제대로된\r\n시음을 하기가 힘든것이 사실이다.지극히 뽀므롤 스럽다..........?ㅎㅎ 내가 느낀\r\n샤또 가쟁에 대한 평가이다. 더도말고 덜도말고 여기서 부드러운 탄닌과 혀 뿌리를 잡고 안내려 갈려는\r\n듯한 피니쉬가 필요한것은 말 할것도 없다.&nbsp;'),(9,2,2,'아비시니안','<p>\r\n\r\n<p><p><img src=\"http://192.168.0.149:8080/resources/upload/tmp/1353929326548cat1.jpg/\"></p><br></p><p>에티오피아의옛이름이‘아비시니아’라고해요.</p>\r\n\r\n<p>영국과에티오피아가전쟁을할당시영국군인이</p>\r\n\r\n<p>영국으로데려와서영국에퍼졌다고해서</p>\r\n\r\n<p>아비시니아고양이라고불린다고합니다.</p>\r\n\r\n<p>고대이집트벽화에그려진고양이와닮아서</p>\r\n\r\n<p>이집트에서길러지던고양이가아닌가하는설이있지만</p>\r\n\r\n<p>확실한것은아니구요.</p>\r\n\r\n<p>이집션마우와아비시니안이매우닮아서두묘종의</p>\r\n\r\n<p>시초가같을수도있다고전해집니다.</p>\r\n\r\n<p>다른고양이종류에비해발끝이단단하고작아서</p>\r\n\r\n<p>\'발레캣\'이라고불리기도하구요. 단모종입니다.</p>\r\n\r\n<p>아비시니안의컬러종류는</p>\r\n\r\n<p>소렐. 루디. 블루. 폰으로네가지가알려져있습니다.</p>\r\n\r\n<p>눈컬러는골드. 그린. 헤젤. 세가지가공인되어있습니다.</p>\r\n\r\n<br></p>','2012-11-26 11:28:55','에티오피아의옛이름이‘아비시니아’라고해요.영국과에티오피아가전쟁을할당시영국군인이영국으로데려와서영국에퍼졌다고해서아비시니아고양이라고불린다고합니다.고대이집트벽화에그려진고양이와닮아서이집트에서길러지던고양이가아닌가하는설이있지만확실한것은아니구요.이집션마우와아비시니안이매우닮아서두묘종의시초가같을수도있다고전해집니다.다른고양이종류에비해발끝이단단하고작아서\'발레캣\'이라고불리기도하구요. 단모종입니다.아비시니안의컬러종류는소렐. 루디. 블루. 폰으로네가지가알려져있습니다.눈컬러는골드. 그린. 헤젤. 세가지가공인되어있습니다.'),(10,2,3,'꼬리없는 고양이 ‘맹크스’','<p>\r\n\r\n<p><p><img src=\"http://192.168.0.149:8080/resources/upload/tmp/1353929372809cat2.jpg/\"></p><br></p><p>맹크스의특징은꼬리가없다는점과</p>\r\n\r\n<p>뒷다리가앞다리보다길다는점을들수있어요.</p>\r\n\r\n<p>스코티쉬폴드의경우귀가접힌아이들끼리교배를하면</p>\r\n\r\n<p>유전병에걸릴확률이높다고하죠.</p>\r\n\r\n<p>맹크스의경우도이와비슷하게꼬리가없는아이들끼리</p>\r\n\r\n<p>교배를할경우치사율이높다고합니다.</p>\r\n\r\n<p>살아났다하더라도일반적인고양이의수명에비해턱없이</p>\r\n\r\n<p>짧은생을살다가간다고하네요.</p>\r\n\r\n<p>다른동물과도잘지내는성격이구요.</p>\r\n\r\n<p>친화력+살가움+사랑이있는성격입니다.</p>\r\n\r\n<p>얼굴부터가동실동실하니그렇게생겼지요^-^</p>\r\n\r\n<p>맹크스와똑같이생겼지만털이긴장모종, 킴릭도있어요.</p>\r\n\r\n<p>맹크스보다털만길다고보시면됩니다.^-^</p>\r\n\r\n<br></p>','2012-11-26 11:29:36','맹크스의특징은꼬리가없다는점과뒷다리가앞다리보다길다는점을들수있어요.스코티쉬폴드의경우귀가접힌아이들끼리교배를하면유전병에걸릴확률이높다고하죠.맹크스의경우도이와비슷하게꼬리가없는아이들끼리교배를할경우치사율이높다고합니다.살아났다하더라도일반적인고양이의수명에비해턱없이짧은생을살다가간다고하네요.다른동물과도잘지내는성격이구요.친화력+살가움+사랑이있는성격입니다.얼굴부터가동실동실하니그렇게생겼지요^-^맹크스와똑같이생겼지만털이긴장모종, 킴릭도있어요.맹크스보다털만길다고보시면됩니다.^-^'),(11,4,3,'10대 추천도서 - 방황해도 괜찮아','<p></p><p><img style=\"cursor: nw-resize; width: 313.33px; height: 431px;\" src=\"http://192.168.0.149:8080/resources/upload/tmp/135392938064110age3.jpg/\"></p><p><b>&nbsp; 실패를 두려워하지 않는 용기로 청춘을 마음껏 즐겨라!</b> <br></p><p><br></p><p>&nbsp; 법륜 스님의 청춘 멘토링『방황해도 괜찮아』. 이 책은 인생 앞에 끊임없이 찾아오는 고민거리에 두려워하고 절망스러워하는 청춘들을 위해 저자가 전하는 인생 해법을 담고 있다. 실패가 좌절과 절망이 되는 것은 욕심 때문임을 일깨워주는 ‘오늘과 내일 사이의 쉼표’, 사랑에도 연습이 필요하다고 이야기하는 ‘달콤한 연애와 쌉쌀한 이별’ 등 모두 4가지 주제로 나누어 청춘을 긍정하는 방법에 대해 자세하게 알려준다. 애인과 겪는 애정 문제, 상사와의 갈등이나 조직에 대한 불만 등 직장 문제, 불안한 미래에 대한 고민, 시험공부를 계속해야 할까 그만두어야 할까 등 청춘을 괴롭히는 여러 가지 문제들에 대해 의례적인 격려나 위안이 아니라 직설적으로 질문에 대한 답을 제시하며, 저자의 조언을 들은 이들이 스스로 해답을 찾을 수 있도록 도와준다. </p><br><p></p>\r\n','2012-11-26 11:56:44','&nbsp; 실패를 두려워하지 않는 용기로 청춘을 마음껏 즐겨라!&nbsp; 법륜 스님의 청춘 멘토링『방황해도 괜찮아』. 이 책은 인생 앞에 끊임없이 찾아오는 고민거리에 두려워하고 절망스러워하는 청춘들을 위해 저자가 전하는 인생 해법을 담고 있다. 실패가 좌절과 절망이 되는 것은 욕심 때문임을 일깨워주는 ‘오늘과 내일 사이의 쉼표’, 사랑에도 연습이 필요하다고 이야기하는 ‘달콤한 연애와 쌉쌀한 이별’ 등 모두 4가지 주제로 나누어 청춘을 긍정하는 방법에 대해 자세하게 알려준다. 애인과 겪는 애정 문제, 상사와의 갈등이나 조직에 대한 불만 등 직장 문제, 불안한 미래에 대한 고민, 시험공부를 계속해야 할까 그만두어야 할까 등 청춘을 괴롭히는 여러 가지 문제들에 대해 의례적인 격려나 위안이 아니라 직설적으로 질문에 대한 답을 제시하며, 저자의 조언을 들은 이들이 스스로 해답을 찾을 수 있도록 도와준다.'),(12,2,4,'사랑스런 고양이 ‘엑죠틱’','<p>\r\n\r\n<p><p><img src=\"http://192.168.0.149:8080/resources/upload/tmp/1353929438215cat3.jpg/\"></p><br></p><p>미국에서아메리칸숏헤어와페르시안을교배시켜만든것이엑죠틱이라고합니다.</p>\r\n\r\n<p>엑죠틱은영어로‘이국적이다’라는뜻이구요.</p>\r\n\r\n<p>독특하고귀여운외모덕에세계적으로인기가많은품종이에요.</p>\r\n\r\n<p>숏헤어라는점만빼면페르시안과비슷하게생겼죠.^-^</p>\r\n\r\n<p>색상은굉장히다양해요.</p>\r\n\r\n<p>푸른빛.흰빛.회색빛.황빛.줄무늬.등등여러가지컬러가나옵니다.</p>\r\n\r\n<p>보통얌전한성격을가지고있고사람을잘따르는종입니다.</p>\r\n<p>엑죠틱아가들은보통개냥이로크는경우가많아요.</p>\r\n\r\n<p>집에서기르기에굉장히좋은품종입니다.</p>\r\n\r\n<p>시끄럽게굴거나하지도않고다른동물과도잘지내기때문이죠.^-^</p>\r\n\r\n<br></p>','2012-11-26 11:30:40','미국에서아메리칸숏헤어와페르시안을교배시켜만든것이엑죠틱이라고합니다.엑죠틱은영어로‘이국적이다’라는뜻이구요.독특하고귀여운외모덕에세계적으로인기가많은품종이에요.숏헤어라는점만빼면페르시안과비슷하게생겼죠.^-^색상은굉장히다양해요.푸른빛.흰빛.회색빛.황빛.줄무늬.등등여러가지컬러가나옵니다.보통얌전한성격을가지고있고사람을잘따르는종입니다.엑죠틱아가들은보통개냥이로크는경우가많아요.집에서기르기에굉장히좋은품종입니다.시끄럽게굴거나하지도않고다른동물과도잘지내기때문이죠.^-^'),(13,2,5,'고양이 예방접종 시기!','<p>\r\n\r\n<p><b><p><img src=\"http://192.168.0.149:8080/resources/upload/tmp/1353929484010cat5.png/\"></p><br></b></p><p><b>고양이</b><b>예방접종은</b><b>주인의</b><b>선택</b><b>, </b><b>그러나</b><b>고양이를</b><b>위해서는</b><b>필수</b><b>!</b></p>\r\n\r\n<p>예방접종시기에대해말씀드리기전에먼저알고계셔야할것이있답니다. 그것은예방접종이라는게\"예방\"을목적으로하기때문에고양이주인의입장에서는100% 선택사항이라는점입니다. 하지만고양이주인의고양이예방접종시기선택에따라고양이의건강상태가좌우되므로고양이입장에서는100% 필수사항이됩니다. </p>\r\n<p>고양이필수예방접종은종합백신4종으로\"범백혈구감소증, 전염성비기관지염, 칼리시바이러스, 클라미디아\"를예방하는예방접종이랍니다. 3가지도있습니다. \"전염성장염, 바이러스성비기관지염, 반점바이러스\"이며, 참고로2번째와3번째질병을합쳐\"고양이인플루앤자\"라고부르기도한답니다. 3가지예방접종종합세트를우선적으로해주는이유는고양이의종류와나이에관계없이걸리기쉽기때문이랍니다. 그래서꼭해줘야할고양이예방접종이되겠습니다요. ^^</p>\r\n<p>고양이종합예방주사(종합세트)는생후7~8주에시작해서2~3주간격으로3차까지접종을하시면되고, 그후로매해1회추가고양이종합예방주사를실시하면됩니다. 그리고고양이홍역(범백혈구감소증) 예방접종이란것이있습니다. 이것은생후16주에1회실시하는것으로고양이의일생에딱한번맞춰주는예방접종입니다. 또파보예방접종이란것도있습니다. 생후20주에맞춰주는예방접종입니다. </p>\r\n<p><b>무조건</b><b>많은</b><b>예방접종을</b><b>실시하는</b><b>것은</b><b>좋지</b><b>않다</b><b>!</b></p>\r\n\r\n<p>어린동물에게예방접종으로많은질병을예방하기위해무조건많은예방접종을실시하는것은좋지않습니다. 대부분의경우어렸을때맞은예방접종정도로몇년또는평생가까이예방이충분하기때문이지요. 간혹너무많은예방접종때문에어떤것을맞춰야좋을지고민하시는분이라면태어나서종합백신과함께홍역과파보예방접종정도권해드릴수있겠습니다.</p>\r\n<p>고양이도반려동물입니다. 반려동물의건강은타고나는유전적인부분을생각해야하고, 주인의판단과보살핌이고양이건강의많은부분에영향을미치게됩니다. 예방접종을제때하지않아서큰병으로고통받는반려동물이줄어들기를바랍니다.</p>\r\n\r\n<br></p>','2012-11-26 11:31:26','고양이예방접종은주인의선택,그러나고양이를위해서는필수!예방접종시기에대해말씀드리기전에먼저알고계셔야할것이있답니다. 그것은예방접종이라는게\"예방\"을목적으로하기때문에고양이주인의입장에서는100% 선택사항이라는점입니다. 하지만고양이주인의고양이예방접종시기선택에따라고양이의건강상태가좌우되므로고양이입장에서는100% 필수사항이됩니다.고양이필수예방접종은종합백신4종으로\"범백혈구감소증, 전염성비기관지염, 칼리시바이러스, 클라미디아\"를예방하는예방접종이랍니다. 3가지도있습니다. \"전염성장염, 바이러스성비기관지염, 반점바이러스\"이며, 참고로2번째와3번째질병을합쳐\"고양이인플루앤자\"라고부르기도한답니다. 3가지예방접종종합세트를우선적으로해주는이유는고양이의종류와나이에관계없이걸리기쉽기때문이랍니다. 그래서꼭해줘야할고양이예방접종이되겠습니다요. ^^고양이종합예방주사(종합세트)는생후7~8주에시작해서2~3주간격으로3차까지접종을하시면되고, 그후로매해1회추가고양이종합예방주사를실시하면됩니다. 그리고고양이홍역(범백혈구감소증) 예방접종이란것이있습니다. 이것은생후16주에1회실시하는것으로고양이의일생에딱한번맞춰주는예방접종입니다. 또파보예방접종이란것도있습니다. 생후20주에맞춰주는예방접종입니다.무조건많은예방접종을실시하는것은좋지않다!어린동물에게예방접종으로많은질병을예방하기위해무조건많은예방접종을실시하는것은좋지않습니다. 대부분의경우어렸을때맞은예방접종정도로몇년또는평생가까이예방이충분하기때문이지요. 간혹너무많은예방접종때문에어떤것을맞춰야좋을지고민하시는분이라면태어나서종합백신과함께홍역과파보예방접종정도권해드릴수있겠습니다.고양이도반려동물입니다. 반려동물의건강은타고나는유전적인부분을생각해야하고, 주인의판단과보살핌이고양이건강의많은부분에영향을미치게됩니다. 예방접종을제때하지않아서큰병으로고통받는반려동물이줄어들기를바랍니다.'),(14,4,4,'10대 추천도서 - 10대와 통하는 윤리학','<p></p><p><img style=\"width: 255.75px; height: 372px; cursor: nw-resize;\" src=\"http://192.168.0.149:8080/resources/upload/tmp/135392952662710age4.jpg/\"></p><p>&nbsp; <b>청소년과 함께 좀 더 윤리적인 세상을 만들다!</b> <br></p><p><br></p><p>&nbsp; 「10대를 위한 책도둑 시리즈」제 6권 함규진 선생님이 들려주는 윤리와 도덕 이야기 『10대와 통하는 윤리학』. 청소년들이 살아가면서 가정과 학교, 사회에서 부딪히는 도덕적 갈등과 윤리에 대한 문제를 다룬 책이다. 실생활에서 만나는 다양한 갈등과 온라인에서의 윤리, 윤리적 소비와 공정무역, 국가에 대한 충성, 전쟁, 빈곤, 정의 등에 이르기까지 폭넓은 주제를 망라한다. 경쟁은 선인지 악인지, 인간은 스스로 죽을 권리가 있는지, 왜 나보다 어려운 사람을 도와야 하는지 등 좀 더 윤리적인 세상을 만들기 위해 청소년들과 함께 답을 찾아 나선다. </p><br><p></p>\r\n','2012-11-26 11:57:08','&nbsp;청소년과 함께 좀 더 윤리적인 세상을 만들다!&nbsp; 「10대를 위한 책도둑 시리즈」제 6권 함규진 선생님이 들려주는 윤리와 도덕 이야기 『10대와 통하는 윤리학』. 청소년들이 살아가면서 가정과 학교, 사회에서 부딪히는 도덕적 갈등과 윤리에 대한 문제를 다룬 책이다. 실생활에서 만나는 다양한 갈등과 온라인에서의 윤리, 윤리적 소비와 공정무역, 국가에 대한 충성, 전쟁, 빈곤, 정의 등에 이르기까지 폭넓은 주제를 망라한다. 경쟁은 선인지 악인지, 인간은 스스로 죽을 권리가 있는지, 왜 나보다 어려운 사람을 도와야 하는지 등 좀 더 윤리적인 세상을 만들기 위해 청소년들과 함께 답을 찾아 나선다.'),(15,2,6,'고양이 이빨 관리법','<p>\r\n\r\n<p>\r\n</p><p><br></p><p>사람이나동물이나치아가상하게되면음식물섭취가어려워져서</p>\r\n\r\n<p>영양소의불균형으로인한여러가지질병에노출되기쉽습니다.</p>\r\n\r\n<p>고양이의경우지속적으로치아관리를하지않을경우치은염, 구내염들이생기며</p>\r\n\r\n<p>치석이쌓일경우마취를해서치석제거를해야하는위험성이있습니다.</p>\r\n\r\n<p>그래서?</p>\r\n\r\n<p>제일좋은예방법은뭐니뭐니해도칫솔질입니다만~</p>\r\n\r\n<p>쉽지가않습니다.</p>\r\n\r\n<p>겔타입, 치약칫솔타입, 손가락칫솔타입등고양이의성격에따라</p>\r\n\r\n<p>가장거부감이없는것으로선택하셔서</p>\r\n\r\n<p>지속적으로관리해주는것이가장중요합니다.</p>\r\n\r\n<br></p>','2012-11-26 11:32:26','사람이나동물이나치아가상하게되면음식물섭취가어려워져서영양소의불균형으로인한여러가지질병에노출되기쉽습니다.고양이의경우지속적으로치아관리를하지않을경우치은염, 구내염들이생기며치석이쌓일경우마취를해서치석제거를해야하는위험성이있습니다.그래서?제일좋은예방법은뭐니뭐니해도칫솔질입니다만~쉽지가않습니다.겔타입, 치약칫솔타입, 손가락칫솔타입등고양이의성격에따라가장거부감이없는것으로선택하셔서지속적으로관리해주는것이가장중요합니다.'),(16,11,2,'Hello temp.','<p>It\'s Temp post.</p>','2012-11-26 12:07:11','It\'s Temp post.'),(17,4,5,'10대 추천도서 - 한 달에 한 번 12명의 인생 멘토를 만나다','<p><img style=\"cursor: nw-resize; width: 249.249px; height: 363px;\" src=\"http://192.168.0.149:8080/resources/upload/tmp/135393054815610age5.jpg/\"></p><p><b>&nbsp; 우리 시대의 인생 멘토 12명이 당신의 1년을 코칭한다! </b><br></p><p><br></p><p>&nbsp;「김미경의 책으로 만나는 강의」제1권『한 달에 한 번 12명의 인생 멘토를 만나다』. 그동안 수많은 강연으로 사람들의 마음을 뒤흔든 라이프 코치이자 자기계발 전문 강사인 김미경이 ‘김미경의 파랑새’ 강의를 하면서 들려준 내용과 강의라는 특성상 줄일 수밖에 없었던 다양한 근거와 에피소드, 시간상 뺄 수밖에 없었던 콘텐츠들을 대폭 보강하여 시리즈로 기획하였다. 제1권에서는 저자가 직접 선별한 우리 시대의 인생 멘토 12명을 통해 달마다 그들의 주옥같은 가르침을 전한다. 마이크로소프트 창업자 빌 게이츠, 고 김수환 추기경, 축구선수 박지성, 이외수 소설가, 안숙선 명창, 요리사 제이미 올리버 등 1월부터 12월까지 매달 한 명씩 찾은 인생 멘토들의 성공 비법을 만나볼 수 있다. </p><p><br></p>\r\n','2012-11-26 12:21:00','&nbsp; 우리 시대의 인생 멘토 12명이 당신의 1년을 코칭한다!&nbsp;「김미경의 책으로 만나는 강의」제1권『한 달에 한 번 12명의 인생 멘토를 만나다』. 그동안 수많은 강연으로 사람들의 마음을 뒤흔든 라이프 코치이자 자기계발 전문 강사인 김미경이 ‘김미경의 파랑새’ 강의를 하면서 들려준 내용과 강의라는 특성상 줄일 수밖에 없었던 다양한 근거와 에피소드, 시간상 뺄 수밖에 없었던 콘텐츠들을 대폭 보강하여 시리즈로 기획하였다. 제1권에서는 저자가 직접 선별한 우리 시대의 인생 멘토 12명을 통해 달마다 그들의 주옥같은 가르침을 전한다. 마이크로소프트 창업자 빌 게이츠, 고 김수환 추기경, 축구선수 박지성, 이외수 소설가, 안숙선 명창, 요리사 제이미 올리버 등 1월부터 12월까지 매달 한 명씩 찾은 인생 멘토들의 성공 비법을 만나볼 수 있다.'),(18,9,5,'ANSELMA BAROLO ADASI 1996','<p><p><img src=\"http://192.168.0.149:8080/resources/upload/tmp/1353930563176wine12.jpg/\" style=\"\"></p><p>오크통에서<span> 3년, 셀러에서 5년 숙성 시킨 와인으로 남성적인 느낌을 갖게 해준다. </span></p>\r\n\r\n<p>산도와\r\n탄닌이 적당하게 느껴져 발란스도 좋은 평인 풀바디 타입으로<span>, 2시간 정도 </span></p>\r\n\r\n<p>디캔딩\r\n후 마시면 더욱 좋고 앞으로<span> 15-20년까지 보관해서 마셔도 좋은 와인이다.</span></p><br></p>','2012-11-26 11:50:03','오크통에서3년, 셀러에서 5년 숙성 시킨 와인으로 남성적인 느낌을 갖게 해준다.산도와\r\n탄닌이 적당하게 느껴져 발란스도 좋은 평인 풀바디 타입으로, 2시간 정도디캔딩\r\n후 마시면 더욱 좋고 앞으로15-20년까지 보관해서 마셔도 좋은 와인이다.'),(19,4,6,'10대 추천도서 - 충분히 아름다운 너에게','<p><img style=\"width: 305.724px; height: 465px; cursor: nw-resize;\" src=\"http://192.168.0.149:8080/resources/upload/tmp/135393057762510age6.jpg/\"></p><p></p><p>&nbsp; <b>삶과 죽음의 벼랑에 선 소녀들이 주고받는 편지!</b> <br></p><p><br></p><p>&nbsp; 노르웨이 최고 문학상 ‘브라게 문학상’ 수상 작가이자 한국계 입양아 출신의 작가인 쉰네 순 뢰에스의 소설 『충분히 아름다운 너에게』. 불치병에 걸린 소녀와 자살을 기도하는 소녀가 주고받는 편지로 삶과 죽음에 대한 통찰을 담아낸 작품이다. 불치병에 걸려 시한부 인생을 살고 있는 열일곱 살 미혼모 요한네. 어느 날 신문에 요한네의 인터뷰가 실리고, 그 기사를 본 동갑내기 소녀 제니가 요한네에게 편지를 보낸다. 우울증에 걸린 제니는 여러 번 자살을 시도하며 간절하게 죽기를 원한다. 살고 싶은 소녀 요한네와 죽고 싶은 소녀 제니는 그렇게 편지를 주고받기 시작하고, 바람이 극명하게 다른 서로를 조금씩 이해한다. 요한네는 병으로 인한 고통과 가족을 두고 떠나야 하는 슬픔을 위로받고, 제니는 요한네의 진지한 삶의 태도를 보며 자살 충동을 이겨내는데…. </p><br><p></p>\r\n','2012-11-26 12:21:46','&nbsp;삶과 죽음의 벼랑에 선 소녀들이 주고받는 편지!&nbsp; 노르웨이 최고 문학상 ‘브라게 문학상’ 수상 작가이자 한국계 입양아 출신의 작가인 쉰네 순 뢰에스의 소설 『충분히 아름다운 너에게』. 불치병에 걸린 소녀와 자살을 기도하는 소녀가 주고받는 편지로 삶과 죽음에 대한 통찰을 담아낸 작품이다. 불치병에 걸려 시한부 인생을 살고 있는 열일곱 살 미혼모 요한네. 어느 날 신문에 요한네의 인터뷰가 실리고, 그 기사를 본 동갑내기 소녀 제니가 요한네에게 편지를 보낸다. 우울증에 걸린 제니는 여러 번 자살을 시도하며 간절하게 죽기를 원한다. 살고 싶은 소녀 요한네와 죽고 싶은 소녀 제니는 그렇게 편지를 주고받기 시작하고, 바람이 극명하게 다른 서로를 조금씩 이해한다. 요한네는 병으로 인한 고통과 가족을 두고 떠나야 하는 슬픔을 위로받고, 제니는 요한네의 진지한 삶의 태도를 보며 자살 충동을 이겨내는데….'),(20,9,6,'ANSELMA','<p><p><img src=\"http://192.168.0.149:8080/resources/upload/tmp/1353930626410wine10.jpg/\"></p><p>우아하고 복잡한 이태리 바롤로 와인으로의 초대<span>, ANSELMA</span></p>\r\n\r\n<p>&nbsp; 1976년 이태리\r\n바롤로 지방에 처음 포도밭을 사서 포도재배와 와인생산을 시작한 와이너리<span> ANSELMA는&nbsp; </span></p>\r\n\r\n<p>&nbsp; 전형적인\r\n가족형 와이너리로 자가 소유의 포도밭에서 재배한 포도만을 사용한다<span>. </span></p>\r\n\r\n&nbsp; ADASI는 피에몬테 지방의 사투리로<span>, \'느림\'을 뜻한다. 이\r\n이름은 바롤로 와인을 이루는 요소들의 많은 특징을 뜻하는 것으로 바롤로 지역에서 삶의 리듬, 하루하루\r\n자라는 포도나무의 평화로움, 토양 그리고 와인을 만드는 사람들의 노력을 표현하는데 걸리는 시간을&nbsp; \'느림\'이라고\r\n표현할 수 있기 때문이다.&nbsp; ANSELMA는\r\n포도밭에 대한 지식과 연구를 통해 각 빈티지를 어떻게 표현해야 하는지를 알아내기 위해 노력 하고 고유의 캐릭터와 각자의 기호를 가지고 블렌딩한다.&nbsp; 그래서 이 바롤로 아다지(ADASI)또한 Monforte d\'Alba 마을에 위치해 있는, \"Le Costee\"와\r\n\"Reaverra\", 오직 이 2개의\r\nGrandi Vigne(불어로는 그랑 크뤼)에서 나온 포도만을 사용하고 있다. 이 ANSELMA는 포도와 포도받에 대한 학구적인 연구와 관심을\r\n통해 복잡하면서도 우아한 맛을 가진 바롤로 와인을 100%느끼게 해준다.</span><br></p>','2012-11-26 11:50:54','우아하고 복잡한 이태리 바롤로 와인으로의 초대, ANSELMA&nbsp; 1976년 이태리\r\n바롤로 지방에 처음 포도밭을 사서 포도재배와 와인생산을 시작한 와이너리ANSELMA는&nbsp;&nbsp; 전형적인\r\n가족형 와이너리로 자가 소유의 포도밭에서 재배한 포도만을 사용한다.&nbsp; ADASI는 피에몬테 지방의 사투리로, \'느림\'을 뜻한다. 이\r\n이름은 바롤로 와인을 이루는 요소들의 많은 특징을 뜻하는 것으로 바롤로 지역에서 삶의 리듬, 하루하루\r\n자라는 포도나무의 평화로움, 토양 그리고 와인을 만드는 사람들의 노력을 표현하는데 걸리는 시간을&nbsp; \'느림\'이라고\r\n표현할 수 있기 때문이다.&nbsp; ANSELMA는\r\n포도밭에 대한 지식과 연구를 통해 각 빈티지를 어떻게 표현해야 하는지를 알아내기 위해 노력 하고 고유의 캐릭터와 각자의 기호를 가지고 블렌딩한다.&nbsp; 그래서 이 바롤로 아다지(ADASI)또한 Monforte d\'Alba 마을에 위치해 있는, \"Le Costee\"와\r\n\"Reaverra\", 오직 이 2개의\r\nGrandi Vigne(불어로는 그랑 크뤼)에서 나온 포도만을 사용하고 있다. 이 ANSELMA는 포도와 포도받에 대한 학구적인 연구와 관심을\r\n통해 복잡하면서도 우아한 맛을 가진 바롤로 와인을 100%느끼게 해준다.'),(21,4,7,'10대 추천도서 - 청소년을 위한 삼국유사','<p></p><p><img style=\"cursor: nw-resize; width: 272.453px; height: 361px;\" src=\"http://192.168.0.149:8080/resources/upload/tmp/135393063911510age7.jpg/\"></p><p><b>&nbsp; 3,500년의 장중한 우리 고대 국가들의 이야기 </b></p><p>『청소년을 위한 삼국유사』. &lt;삼국유사&gt;가 우리 역사에서 중요한 위치를 차지한다는 것은 부인할 수 없는 사실이다. 그러나 고려시대에 지어진 역사서는 청소년들은 물론 일반인들도 읽기 어렵다. 이 책은 청소년들의 수준에 맞춰 쉽게 풀어낸 &lt;삼국유사&gt;이다. 고조선부터 삼한과 부여, 고구려, 신라로 이러지는 3,500년의 역사가 웅장하게 펼쳐진다.</p><p>이 책에는 우리의 고대 국가들의 흥망성쇠와 그에 얽힌 설화, 전설이 담겨 있다. 고대 왕국을 다스렸던 왕들의 이야기, 역사 속에 살아 있는 조상들의 삶이 고스란히 녹아져 있다. 불교에 관한 다양한 이야기도 엿볼 수 있다. 불교의 전래와 고승들에 얽힌 이야기, 절과 탑과 관련해 전해 내려오는 이야기가 그것이다.</p><p>국가의 흥망성쇠에서부터 문화, 종교, 서민들의 삶까지 다양한 이야기를 담고 있다. 우리 조상들의 숨결을 느낄 수 있는 이 책은 청소년들이 흥미를 가지고 역사를 접할 수 있게 어려운 단어들을 쉽게 풀어준다. 다소 어려운 부분에는 역자가 살을 보태어 재미있게 읽을 수 있도록 하였다. </p><br><p></p>\r\n','2012-11-26 12:21:28','&nbsp; 3,500년의 장중한 우리 고대 국가들의 이야기『청소년을 위한 삼국유사』. &lt;삼국유사&gt;가 우리 역사에서 중요한 위치를 차지한다는 것은 부인할 수 없는 사실이다. 그러나 고려시대에 지어진 역사서는 청소년들은 물론 일반인들도 읽기 어렵다. 이 책은 청소년들의 수준에 맞춰 쉽게 풀어낸 &lt;삼국유사&gt;이다. 고조선부터 삼한과 부여, 고구려, 신라로 이러지는 3,500년의 역사가 웅장하게 펼쳐진다.이 책에는 우리의 고대 국가들의 흥망성쇠와 그에 얽힌 설화, 전설이 담겨 있다. 고대 왕국을 다스렸던 왕들의 이야기, 역사 속에 살아 있는 조상들의 삶이 고스란히 녹아져 있다. 불교에 관한 다양한 이야기도 엿볼 수 있다. 불교의 전래와 고승들에 얽힌 이야기, 절과 탑과 관련해 전해 내려오는 이야기가 그것이다.국가의 흥망성쇠에서부터 문화, 종교, 서민들의 삶까지 다양한 이야기를 담고 있다. 우리 조상들의 숨결을 느낄 수 있는 이 책은 청소년들이 흥미를 가지고 역사를 접할 수 있게 어려운 단어들을 쉽게 풀어준다. 다소 어려운 부분에는 역자가 살을 보태어 재미있게 읽을 수 있도록 하였다.'),(22,4,8,'10대 추천도서 - 식탁 위의 세계사','<p><img style=\"width: 272.378px; height: 376px; cursor: nw-resize;\" src=\"http://192.168.0.149:8080/resources/upload/tmp/135393066906910age8.jpg/\"></p><p></p><p><b>&nbsp; 우리 곁의 10가지 먹을거리를 통해 만나는 세계사 이야기!</b> <br></p><p>&nbsp; 제2회 창비청소년도서상 교양 부문 대상 수상작『식탁위의 세계사』. 감자에서 비롯한 아일랜드 대기근부터 옥수수에 대한 러시아 지도자 흐루쇼프의 열정, 소금법에 저항한 간디의 소금 행진 등 음식을 통해 세계사의 중요한 사건과 인물들에 관한 이야기로 안내하는 책이다. 감자, 소금, 후추, 돼지고기, 빵, 닭고기, 옥수수, 바나나, 포도, 차 등 우리 곁의 친근한 먹을거리를 그 대상으로 하였으며, 음식의 유래만을 추적하거나 지엽적인 박물관 정보를 전하는 것이 아닌 그와 관련된 세계사의 핵심적인 사건들을 소상히 알려주고자 하였다. 본문은 대항해 시대를 낳은 것이 후추의 매콤한 맛 때문이라거나 시인 소동파가 동파육 요리를 고안해 낸 창의적인 요리 개발자라는 등 흥미로운 이야기들로 구성되어 있다. 엄마가 아이들에게 이야기를 들려주는 형식을 취하였으며, 50여 컷의 사진 및 그림을 주제와 연결하여 적절히 활용한 점 또한 특징이다. </p><br><p></p>\r\n','2012-11-26 12:21:15','&nbsp; 우리 곁의 10가지 먹을거리를 통해 만나는 세계사 이야기!&nbsp; 제2회 창비청소년도서상 교양 부문 대상 수상작『식탁위의 세계사』. 감자에서 비롯한 아일랜드 대기근부터 옥수수에 대한 러시아 지도자 흐루쇼프의 열정, 소금법에 저항한 간디의 소금 행진 등 음식을 통해 세계사의 중요한 사건과 인물들에 관한 이야기로 안내하는 책이다. 감자, 소금, 후추, 돼지고기, 빵, 닭고기, 옥수수, 바나나, 포도, 차 등 우리 곁의 친근한 먹을거리를 그 대상으로 하였으며, 음식의 유래만을 추적하거나 지엽적인 박물관 정보를 전하는 것이 아닌 그와 관련된 세계사의 핵심적인 사건들을 소상히 알려주고자 하였다. 본문은 대항해 시대를 낳은 것이 후추의 매콤한 맛 때문이라거나 시인 소동파가 동파육 요리를 고안해 낸 창의적인 요리 개발자라는 등 흥미로운 이야기들로 구성되어 있다. 엄마가 아이들에게 이야기를 들려주는 형식을 취하였으며, 50여 컷의 사진 및 그림을 주제와 연결하여 적절히 활용한 점 또한 특징이다.'),(23,4,9,'10대 추천도서 - 세상이 던지는 질문에 어떻게 답 해야할까','<p><img src=\"http://192.168.0.149:8080/resources/upload/tmp/135393069851910age9.jpg/\"></p><p><p><b>&nbsp; 꼬리에 꼬리를 무는 질문으로 철학하라!</b></p><p>&nbsp; 생각의 스펙트럼을 넓히는 여덟 가지 철학적 질문『세상이 던지는 질문에 어떻게 답 해야할까』. 이 책은 스페인을 대표하는 철학자 페르난도 사바테르가 청소년과 성인 모두를 위해 철학적 호기심을 풀어주는 지침서이다. 죽음, 이성의 진리, 자아, 자유와 책임, 자연과 기술, 공생, 예술, 시간 등의 여덟 가지 주제를 담아낸 이 책은 개인적인 경험담을 곁들여 친숙하고 일상적인 물음들로 시작한다. 한 가지 주제에 대해 꼬리에 꼬리를 무는 질문을 던지고, 동시에 다양한 관점에서 살펴볼 수 있도록 도와줌으로써 ‘철학함’의 즐거움을 오롯이 느낄 수 있도록 했다. 죽음에 대한 생각에 긍정적인 것이 숨어 있는지, ‘나’ 옆에 다른 ‘나’가 존재하는지, 어떤 행위에 책임을 진다는 것이 무슨 뜻인지, 철학의 본성과 민주주의의 본성은 어느 지점에서 만나는지 등 철학에 대한 전통적인 질문을 던지며 현실을 살아가는 우리들의 철학에 대해 생각해 볼 기회를 전해준다.</p><p>  &nbsp;  </p><br></p>','2012-11-26 11:51:49','&nbsp; 꼬리에 꼬리를 무는 질문으로 철학하라!&nbsp; 생각의 스펙트럼을 넓히는 여덟 가지 철학적 질문『세상이 던지는 질문에 어떻게 답 해야할까』. 이 책은 스페인을 대표하는 철학자 페르난도 사바테르가 청소년과 성인 모두를 위해 철학적 호기심을 풀어주는 지침서이다. 죽음, 이성의 진리, 자아, 자유와 책임, 자연과 기술, 공생, 예술, 시간 등의 여덟 가지 주제를 담아낸 이 책은 개인적인 경험담을 곁들여 친숙하고 일상적인 물음들로 시작한다. 한 가지 주제에 대해 꼬리에 꼬리를 무는 질문을 던지고, 동시에 다양한 관점에서 살펴볼 수 있도록 도와줌으로써 ‘철학함’의 즐거움을 오롯이 느낄 수 있도록 했다. 죽음에 대한 생각에 긍정적인 것이 숨어 있는지, ‘나’ 옆에 다른 ‘나’가 존재하는지, 어떤 행위에 책임을 진다는 것이 무슨 뜻인지, 철학의 본성과 민주주의의 본성은 어느 지점에서 만나는지 등 철학에 대한 전통적인 질문을 던지며 현실을 살아가는 우리들의 철학에 대해 생각해 볼 기회를 전해준다.&nbsp;'),(24,9,7,'Les Pelerins de Lafon-Rochet','<p><p><img src=\"http://192.168.0.149:8080/resources/upload/tmp/1353930670705wine9.jpg/\"></p>\n\r\n<p>샤토 라퐁\r\n로쉐<span>(Chateau Lafon-Rochet, 그랑 크뤼 4등급)의 세컨 라벨</span></p>\n\r\n\r\n\r\n<p>주포도품종<span> : 까베르네쇼비뇽55%, 멀롯40%,\r\n까베르네프랑5% </span></p>\n\r\n\r\n\r\n<p>원산지<span> : 프랑스 쌩떼스테프 </span></p>\n\r\n\r\n\r\n<p>레드와인<span>, 풀바디</span></p>\n\r\n\r\n\r\n<p>포도품종<span>: 카베르네 소비뇽, 카베르네 프랑,\r\n메를로</span></p>\n\r\n\r\n\r\n<p>샤토 라퐁\r\n로쉐의 몇 가지 세컨 라벨중 한 가지<span>. 녹색 또는 오렌지 색 기운이 감도는 루비색을 띈 와인으로 점성이\r\n강하고 매우 진하여 잔바닥이 보이지 않을 정도이다.&nbsp;</span></p>\n\r\n<br></p>\n\r\n','2012-12-05 05:37:16','샤토 라퐁\r\n로쉐(Chateau Lafon-Rochet, 그랑 크뤼 4등급)의 세컨 라벨주포도품종: 까베르네쇼비뇽55%, 멀롯40%,\r\n까베르네프랑5%원산지: 프랑스 쌩떼스테프레드와인, 풀바디포도품종: 카베르네 소비뇽, 카베르네 프랑,\r\n메를로샤토 라퐁\r\n로쉐의 몇 가지 세컨 라벨중 한 가지. 녹색 또는 오렌지 색 기운이 감도는 루비색을 띈 와인으로 점성이\r\n강하고 매우 진하여 잔바닥이 보이지 않을 정도이다.&nbsp;'),(25,4,10,'10대 추천도서 - 악마의 비타민','<p><p><img src=\"http://192.168.0.149:8080/resources/upload/tmp/135393073284810age10.jpg/\"></p><p>&nbsp; <b>무관심, 어설프고 섣부른 용서 그것은 악마를 키우는 비타민!</b></p><p>&nbsp;『정의의 이름으로』에서 친일파 청산이라는 소재로 현실에 안주한 채 잠들어 있는 독자를 깨우고자 했던 양호문 작가의 신작 장편소설 『악마의 비타민』. 이번 작품에서도 작가는 학교폭력이라는 다소 무거운 주제를 작가 특유의 시선으로 바라보며 재조명한다. 청소년 학교 폭력을 소재로 삼은 소설은 적지 않다. 하지만 그 현실을 숨김없이 드러내며 무엇이 잘못된 것인지를 직시하는 청소년 소설은 드물다. 작가는 무려 300여 건의 학교 폭력 자료를 직접 수집하고 정리하며 이 소설을 집필했다. 도를 넘어선 학교폭력 때문에 단란하고 행복했던 한 가정이 처참히 무너지는 과정을 실제 사건에 입각해 담아냈다. </p><br></p>','2012-11-26 11:52:20','&nbsp;무관심, 어설프고 섣부른 용서 그것은 악마를 키우는 비타민!&nbsp;『정의의 이름으로』에서 친일파 청산이라는 소재로 현실에 안주한 채 잠들어 있는 독자를 깨우고자 했던 양호문 작가의 신작 장편소설 『악마의 비타민』. 이번 작품에서도 작가는 학교폭력이라는 다소 무거운 주제를 작가 특유의 시선으로 바라보며 재조명한다. 청소년 학교 폭력을 소재로 삼은 소설은 적지 않다. 하지만 그 현실을 숨김없이 드러내며 무엇이 잘못된 것인지를 직시하는 청소년 소설은 드물다. 작가는 무려 300여 건의 학교 폭력 자료를 직접 수집하고 정리하며 이 소설을 집필했다. 도를 넘어선 학교폭력 때문에 단란하고 행복했던 한 가정이 처참히 무너지는 과정을 실제 사건에 입각해 담아냈다.'),(26,10,8,'늑대소년','<p><p><img src=\"http://192.168.0.149:8080/resources/upload/tmp/1353930887790movie1.jpg/\"></p>\n<p>줄거리:</p>\n\r\n\r\n<p><b>체온</b><b> 46</b><b>도</b><b>, </b><b>혈액형</b><b>판독불가</b><b>… </b><b><span>세상에</span></b><b>없어야</b><b>할</b><b>위험한</b><b>존재</b><b>늑대소년</b><b>, </b><b>운명적</b><b>사랑에</b><b>빠지다</b><b>!</b></p>\n\r\n\r\n<p>요양 차 가족들과 한적한 마을로 이사 간 소녀는 어둠 속에 몸을\r\n숨긴 의문의 늑대소년을 발견한다<span>. 야생의 눈빛으로 사람 같지 않은 행동을 보이는 소년에게 왠지 마음이\r\n쓰이는 소녀는 먹을 것을 보고 기다리는 법, 옷 입는 법, 글을\r\n읽고 쓰는 법 등 소년에게 세상에서 살아가는 방법들을 하나씩 가르쳐준다. 태어나 처음으로 자신을 향해\r\n손을 내밀어준 소녀에게 애틋한 감정이 싹트는 소년.그러던 어느 날 예기치 못한 위기 속에 소년의 숨겨져 있던 위험한 본성이 드러나고<span>, 소년은\r\n순식간에 마을 사람들에게 두려움과 공포의 대상이 되어버리는데……</span></span></p>\n<br></p>\n','2012-12-05 05:37:51','줄거리:체온46도,혈액형판독불가…세상에없어야할위험한존재늑대소년,운명적사랑에빠지다!요양 차 가족들과 한적한 마을로 이사 간 소녀는 어둠 속에 몸을\r\n숨긴 의문의 늑대소년을 발견한다. 야생의 눈빛으로 사람 같지 않은 행동을 보이는 소년에게 왠지 마음이\r\n쓰이는 소녀는 먹을 것을 보고 기다리는 법, 옷 입는 법, 글을\r\n읽고 쓰는 법 등 소년에게 세상에서 살아가는 방법들을 하나씩 가르쳐준다. 태어나 처음으로 자신을 향해\r\n손을 내밀어준 소녀에게 애틋한 감정이 싹트는 소년.그러던 어느 날 예기치 못한 위기 속에 소년의 숨겨져 있던 위험한 본성이 드러나고, 소년은\r\n순식간에 마을 사람들에게 두려움과 공포의 대상이 되어버리는데……'),(27,10,9,'돈 크라이 마미','<p><h5><p><img src=\"http://192.168.0.149:8080/resources/upload/tmp/1353930924806movie2.jpg/\"></p></h5><h5>내눈에눈물… 그들의눈에서는피눈물이흘러야한다!</h5>\r\n<p>남편과 이혼하고 새 출발을 준비하고 있던 \'유림\'(유선)은 막 고등학생이\r\n된 하나뿐인 딸 ‘은아’(남보라)가 같은 학교 남학생들로부터\r\n끔찍한 사고를 당했다는 사실을 알게 된다. 하지만 이들은 미성년자란 이유로 처벌을 받지 않게 되고, 정신적 충격에 시달리던 ‘은아’는 결국 자신의 생일날 스스로 목숨을 끊는다.\r\n한 순간에 딸을 잃은 ‘유림’은 슬픔이 채 가시기도 전에 ‘은아’의 죽음 뒤에 충격적인 사건이 있었다는 사실을 알게 된 뒤, ‘은아’를 죽음으로 몬 가해자들에게 직접 복수를 하기로 결심하는데….</p><br></p>','2012-11-26 11:55:30','내눈에눈물… 그들의눈에서는피눈물이흘러야한다!남편과 이혼하고 새 출발을 준비하고 있던 \'유림\'(유선)은 막 고등학생이\r\n된 하나뿐인 딸 ‘은아’(남보라)가 같은 학교 남학생들로부터\r\n끔찍한 사고를 당했다는 사실을 알게 된다. 하지만 이들은 미성년자란 이유로 처벌을 받지 않게 되고, 정신적 충격에 시달리던 ‘은아’는 결국 자신의 생일날 스스로 목숨을 끊는다.\r\n한 순간에 딸을 잃은 ‘유림’은 슬픔이 채 가시기도 전에 ‘은아’의 죽음 뒤에 충격적인 사건이 있었다는 사실을 알게 된 뒤, ‘은아’를 죽음으로 몬 가해자들에게 직접 복수를 하기로 결심하는데….'),(28,10,10,'내가 살인범 이다','<p><p><img src=\"http://192.168.0.149:8080/resources/upload/tmp/1353930950224movie4.jpg/\"></p>\n<p>줄거리:</p>\n\r\n\r\n<h5>15년의공소시효가끝난후, 놈이나타났다!<span>스타가된연쇄살인범 VS 법으로는잡지못하는형사</span></h5>\r\n<p>15년 전, 세상을 떠들썩하게 만들었던 연곡 연쇄살인 사건. 하지만 이 사건은\r\n끝내 범인을 잡지 못한 채 공소시효가 끝난다.사건 담당 형사 최형구는 범인을 잡지 못한 죄책감과 자신의 얼굴에 끔찍한 상처를 남기고 사라진 범인에 대한 분노로<span> 15년 간 하루도 편히 잠들지 못한다.그리고<span> 2년 후, 자신을 연쇄 살인사건의 범인이라고\r\n밝힌 이두석이 ‘내가 살인범이다’라는 자서전을 출간하고, 이 책은 단숨에 베스트셀러가 된다. 미남형 외모와 수려한 말솜씨로 스타가 된 이두석. 최형구는 알려지지\r\n않은 마지막 미해결 실종사건을 파헤쳐 세상이 용서한 이두석을 어떻게든 잡아넣으려 하는데… 법이 용서한 연쇄살인범<span> 공소시효는 끝났지만<span>, 사건은 아직 끝나지 않았다!</span></span></span></span></p>\n<br></p>\n','2012-12-05 05:36:48','줄거리:15년의공소시효가끝난후, 놈이나타났다!스타가된연쇄살인범 VS 법으로는잡지못하는형사15년 전, 세상을 떠들썩하게 만들었던 연곡 연쇄살인 사건. 하지만 이 사건은\r\n끝내 범인을 잡지 못한 채 공소시효가 끝난다.사건 담당 형사 최형구는 범인을 잡지 못한 죄책감과 자신의 얼굴에 끔찍한 상처를 남기고 사라진 범인에 대한 분노로15년 간 하루도 편히 잠들지 못한다.그리고2년 후, 자신을 연쇄 살인사건의 범인이라고\r\n밝힌 이두석이 ‘내가 살인범이다’라는 자서전을 출간하고, 이 책은 단숨에 베스트셀러가 된다. 미남형 외모와 수려한 말솜씨로 스타가 된 이두석. 최형구는 알려지지\r\n않은 마지막 미해결 실종사건을 파헤쳐 세상이 용서한 이두석을 어떻게든 잡아넣으려 하는데… 법이 용서한 연쇄살인범공소시효는 끝났지만, 사건은 아직 끝나지 않았다!'),(29,10,11,'광해','<p><p><img src=\"http://192.168.0.149:8080/resources/upload/tmp/1353930982408movie10.jpg/\" style=\"\"></p>\n<p>줄거리:</p>\n\r\n\r\n<h5>“어쩌면한사람의인생이이렇게아플수있나요?”</h5>\r\n\r\n<p>고아로 자라 가난과 분노로 얼룩진 삶을 살아 온 ‘우수’의 인생은 마치\r\n좁고 어두운 감방과도 같이 헤어날 수 없을 것만 같았다. 그러나 모든 것을 놓아버리려고 생각한 그때, 가난한 사람도 누군가와 나눌 수 있음을 알게 해준 ‘아이들’과의 기적과도 같은 만남은 그의 삶을 송두리째 바꾸어\r\n놓는다.‘우수’는 중국집에서 철가방을 들고 뛰어다니면서 번<span> 70만원의 월급을 아이들을 위해 아낌없이\r\n나누었다. 태어나서 누군가에게 처음으로 들어 본 ‘감사하다’는 인사는 평생 외로웠던 ‘우수’에게 세상\r\n누구보다 행복한 나날을 선물했고, 서로가 서로에게 전하는 뜨거운 감사는 이제 삶의 원동력이자 살아야\r\n하는 이유가 되었다. 그러던 어느날 ‘우수’가 교통사고를 당하게 되는데<span>...우리가 미처 몰랐던 철가방 기부천사 ‘우수’의 뜨거운 인생 이야기가 이제 시작된다<span>.</span></span></span></p>\n<br></p>\n','2012-12-05 05:37:34','줄거리:“어쩌면한사람의인생이이렇게아플수있나요?”고아로 자라 가난과 분노로 얼룩진 삶을 살아 온 ‘우수’의 인생은 마치\r\n좁고 어두운 감방과도 같이 헤어날 수 없을 것만 같았다. 그러나 모든 것을 놓아버리려고 생각한 그때, 가난한 사람도 누군가와 나눌 수 있음을 알게 해준 ‘아이들’과의 기적과도 같은 만남은 그의 삶을 송두리째 바꾸어\r\n놓는다.‘우수’는 중국집에서 철가방을 들고 뛰어다니면서 번70만원의 월급을 아이들을 위해 아낌없이\r\n나누었다. 태어나서 누군가에게 처음으로 들어 본 ‘감사하다’는 인사는 평생 외로웠던 ‘우수’에게 세상\r\n누구보다 행복한 나날을 선물했고, 서로가 서로에게 전하는 뜨거운 감사는 이제 삶의 원동력이자 살아야\r\n하는 이유가 되었다. 그러던 어느날 ‘우수’가 교통사고를 당하게 되는데...우리가 미처 몰랐던 철가방 기부천사 ‘우수’의 뜨거운 인생 이야기가 이제 시작된다.'),(30,10,12,'범죄소년','<p><p><img src=\"http://192.168.0.149:8080/resources/upload/tmp/1353931008850movie11.jpg/\"></p>\n\r\n<p>줄거리:</p>\n\r\n\r\n\r\n<h5>세상은나를 ‘범죄소년’이라고합니다.</h5>\r\n\r\n보호관찰중인 범죄소년 장지구<span>(서영주)는 죽음을 앞두고 있는 할아버지와 단 둘이 살아가고 있습니다. 그의\r\n유일한 희망은 낙천적이고 귀여운 여자친구뿐. 나쁜 친구들 때문에 어쩔 수 없이 빈집털이에 가담한 지구는 절도죄로 체포되고<span> 그를 구제해 줄 가족이 없다는 이유로<span> 1년 동안 소년원에 가게 되었습니다. 그 곳에 있는 동안 할아버지가 세상을 떠났다는 사실을 뒤늦게 알게 된 지구<span>.세상에 혼자 남겨졌다고 생각한 그 때<span>, 죽은 줄만 알았던 엄마가 나타납니다.엄마와의 만남 이후로 지구는 행복을 찾은 것 같았지만<span> 곧<span>, 충격적인 삶의 파란이 찾아옵니다. <br>\r\n<br>\r\n17살에 아이를 버린 나는 나쁜 엄마입니다. <br>\r\n17살에 아이를 낳고 그 아이를 아버지 집에 버리고 도망치듯 살아온 장효승(이정현).소년원에 있다는 아들 소식을 듣고 몇 번을 망설였지만 용기를 내어 만남에 응하게 됩니다<span>. 그녀는 마치 운명처럼<span>, 범죄소년이라고 손가락질 받는 아들을 데려오게 됩니다. 거짓된 삶으로 아들에게 잘 살아왔음을 증명하고 싶지만 그녀의 거짓말은 얼마 지나지 않아 들통이 납니다<span>. 그렇게 불안한 생활을 이어가던 그녀는 아들인 지구의 여자친구가<br>\r\n16살의 나이에 임신을 했다는 사실을 알게 되고<span>,</span></span></span></span></span></span></span></span></span></span></span><br></p>\n\r\n','2012-12-05 05:43:48','줄거리:세상은나를 ‘범죄소년’이라고합니다.보호관찰중인 범죄소년 장지구(서영주)는 죽음을 앞두고 있는 할아버지와 단 둘이 살아가고 있습니다. 그의\r\n유일한 희망은 낙천적이고 귀여운 여자친구뿐. 나쁜 친구들 때문에 어쩔 수 없이 빈집털이에 가담한 지구는 절도죄로 체포되고그를 구제해 줄 가족이 없다는 이유로1년 동안 소년원에 가게 되었습니다. 그 곳에 있는 동안 할아버지가 세상을 떠났다는 사실을 뒤늦게 알게 된 지구.세상에 혼자 남겨졌다고 생각한 그 때, 죽은 줄만 알았던 엄마가 나타납니다.엄마와의 만남 이후로 지구는 행복을 찾은 것 같았지만곧, 충격적인 삶의 파란이 찾아옵니다.17살에 아이를 버린 나는 나쁜 엄마입니다.17살에 아이를 낳고 그 아이를 아버지 집에 버리고 도망치듯 살아온 장효승(이정현).소년원에 있다는 아들 소식을 듣고 몇 번을 망설였지만 용기를 내어 만남에 응하게 됩니다. 그녀는 마치 운명처럼, 범죄소년이라고 손가락질 받는 아들을 데려오게 됩니다. 거짓된 삶으로 아들에게 잘 살아왔음을 증명하고 싶지만 그녀의 거짓말은 얼마 지나지 않아 들통이 납니다. 그렇게 불안한 생활을 이어가던 그녀는 아들인 지구의 여자친구가16살의 나이에 임신을 했다는 사실을 알게 되고,'),(31,1,3,'광해군!!','<p>어디에계시오?!</p>','2012-11-26 12:21:20','어디에계시오?!'),(32,5,11,'20대 추천 도서- 천 번을 흔들려야 어른이 된다.','<p><img style=\"cursor: nw-resize; width: 268.38px; height: 380px;\" src=\"http://192.168.0.149:8080/resources/upload/tmp/135393262821720age1.jpg/\"></p><p></p><p>  &nbsp;  </p><p><b>&nbsp;대한민국이 열광한 경청과 공감의 멘토, 란도샘이 돌아왔다!</b></p><p>  &nbsp;  </p><p><span style=\"color: #e36c09;\"><span style=\"background-color: rgb(255, 255, 255);\">《아프니까 청춘이다》</span></span>의 저자 김난도가 들려주는 새로운 이야기를 담은 에세이『천 번을 흔들려야 어른이 된다』. 청춘의 불안을 지나 세상 속에서 뜨거운 볕을 맨몸으로 견디며 흔들리고 있는 어른아이들을 위해 들려주는 저자의 가슴 벅찬 인생 멘토링을 담은 책이다. 사회에 첫발을 내딛는 순간부터 시련과 상처투성이인 어른의 삶을 막 살아가기 시작한 사회초년생들이 힘겨워하는 문제와 딜레마 들을 다양한 사례를 통해 보여주고 함께 고민한다. 또 사회에 진입조차 하지 못하는 취업 재수, 삼수생까지 청춘을 허비하는 아픔에 고통 받는 이들에게 용기와 격려의 메시지를 보낸다. 어른의 흔들림은 자연스러운 것이며, 그러므로 부끄러워하지도 말고 너무 많이 아파하지도 말라는 깨달음을 전하며, 삶이 나를 거칠게 흔들 땐 꼿꼿이 버티다가 나가떨어지거나 부러지기보단, 함께 흔들리며 한 뼘씩 성장하고 새로워지는 것이 진짜 어른이라는 것을 일깨워준다.</p><br><p></p>\r\n','2012-11-26 12:34:40','&nbsp;&nbsp;대한민국이 열광한 경청과 공감의 멘토, 란도샘이 돌아왔다!&nbsp;《아프니까 청춘이다》의 저자 김난도가 들려주는 새로운 이야기를 담은 에세이『천 번을 흔들려야 어른이 된다』. 청춘의 불안을 지나 세상 속에서 뜨거운 볕을 맨몸으로 견디며 흔들리고 있는 어른아이들을 위해 들려주는 저자의 가슴 벅찬 인생 멘토링을 담은 책이다. 사회에 첫발을 내딛는 순간부터 시련과 상처투성이인 어른의 삶을 막 살아가기 시작한 사회초년생들이 힘겨워하는 문제와 딜레마 들을 다양한 사례를 통해 보여주고 함께 고민한다. 또 사회에 진입조차 하지 못하는 취업 재수, 삼수생까지 청춘을 허비하는 아픔에 고통 받는 이들에게 용기와 격려의 메시지를 보낸다. 어른의 흔들림은 자연스러운 것이며, 그러므로 부끄러워하지도 말고 너무 많이 아파하지도 말라는 깨달음을 전하며, 삶이 나를 거칠게 흔들 땐 꼿꼿이 버티다가 나가떨어지거나 부러지기보단, 함께 흔들리며 한 뼘씩 성장하고 새로워지는 것이 진짜 어른이라는 것을 일깨워준다.'),(33,2,7,'고양이 사료 등급','<p>\r\n\r\n<p><p><img src=\"http://192.168.0.149:8080/resources/upload/tmp/1353932945114cat7.PNG/\"></p><br></p><p>1.\r\n유기농(오가닉) : 동물사료협회에서공신력있는인증기관으로부터오가닉인증을받은사료이다. 합성비료나농약, 항생제, 유전자조작식물, 환경호르몬이검출되지않아야하고유기농제품을제배한농장은최소한최근3년간유기농방식으로경작이되어있어야한다.</p>\r\n<p>2.\r\n홀리스틱(holistic) : 미국농무성에서인증받은재료를사용하며합성방부제, 살충제, 항생제, 환경호르몬이검출되지않아야한다. 허브, 과일, 야채, 유산균을사용하며영양가가파괴되지않게조리하고있다.</p>\r\n<p>3.\r\n슈퍼프리미엄(super premium)\r\n: 육류함량이곡물보다높으며부산물, 육분, 육골분을사용하지않는다. 하지만옥수수, 콩, 밀과같은알러지유발작물을사용한다.</p>\r\n<p>4.\r\n프리미엄(premium) : 가장큰특징인부산물대다수를사용하고있다. 영양가없는재료들이많고출처불명의재료를사용하고있다. 합성방부제를사용한다.</p>\r\n<p>5.\r\n보통(grocery brand)\r\n: 마트에서판매되는모든사료를포함한다. 농약, 저가의재료, 고열처리, 곡물찌꺼기, 인공합성방부제, 색소, 향신료, 기름, 부산물, 내장, 육골분등안좋은온갖재료를사용한다.</p>\r\n\r\n<br></p>','2012-11-26 12:29:06','1.\r\n유기농(오가닉) : 동물사료협회에서공신력있는인증기관으로부터오가닉인증을받은사료이다. 합성비료나농약, 항생제, 유전자조작식물, 환경호르몬이검출되지않아야하고유기농제품을제배한농장은최소한최근3년간유기농방식으로경작이되어있어야한다.2.\r\n홀리스틱(holistic) : 미국농무성에서인증받은재료를사용하며합성방부제, 살충제, 항생제, 환경호르몬이검출되지않아야한다. 허브, 과일, 야채, 유산균을사용하며영양가가파괴되지않게조리하고있다.3.\r\n슈퍼프리미엄(super premium)\r\n: 육류함량이곡물보다높으며부산물, 육분, 육골분을사용하지않는다. 하지만옥수수, 콩, 밀과같은알러지유발작물을사용한다.4.\r\n프리미엄(premium) : 가장큰특징인부산물대다수를사용하고있다. 영양가없는재료들이많고출처불명의재료를사용하고있다. 합성방부제를사용한다.5.\r\n보통(grocery brand)\r\n: 마트에서판매되는모든사료를포함한다. 농약, 저가의재료, 고열처리, 곡물찌꺼기, 인공합성방부제, 색소, 향신료, 기름, 부산물, 내장, 육골분등안좋은온갖재료를사용한다.'),(34,6,12,'30대 추천도서 - 이야기 테라피','<p><img style=\"width: 265.778px; height: 368px; cursor: nw-resize;\" src=\"http://192.168.0.149:8080/resources/upload/tmp/135393311399230age1.jpg/\"></p><p></p><p><b>&nbsp; 삶이란 바로 이야기다!</b> </p><p>&nbsp; 성장과 치유를 위한 힐링 스토리 24<font color=\"#e36c09\">『이야기 테라피』</font>. 저자 이시스가 심리치유와 상담 분야에서 10년 이상 치유력을 검증한 24가지 힐링 스토리에 글로벌 아티스트 이장섭의 컬러테라피 작품을 더해 만든 힐링가이드북이다. 경쟁의 압박에 시달려 지치고 숨이 막힐 때, 내가 누구인지 존재의미를 알 수 없어 답답할 때, 세상에 혼자 버려진 듯 불안하고 외로울 때, 사랑받지 못해 서러울 때, 성공이 무엇인지 행복이 무엇인지 알 수 없을 때 지혜로운 해답을 얻을 수 있는 ‘이야기’와 ‘해설’ 그리고 ‘실천가이드’로 구성되어 있다. 자신의 문제에 직면하기 어려웠던 많은 독자들이 이 책에 실린 24가지 이야기를 통해 삶의 ‘거울’과 만나는 기회가 될 것이다. </p><br><p></p>\r\n','2012-11-26 12:34:24','&nbsp; 삶이란 바로 이야기다!&nbsp; 성장과 치유를 위한 힐링 스토리 24『이야기 테라피』. 저자 이시스가 심리치유와 상담 분야에서 10년 이상 치유력을 검증한 24가지 힐링 스토리에 글로벌 아티스트 이장섭의 컬러테라피 작품을 더해 만든 힐링가이드북이다. 경쟁의 압박에 시달려 지치고 숨이 막힐 때, 내가 누구인지 존재의미를 알 수 없어 답답할 때, 세상에 혼자 버려진 듯 불안하고 외로울 때, 사랑받지 못해 서러울 때, 성공이 무엇인지 행복이 무엇인지 알 수 없을 때 지혜로운 해답을 얻을 수 있는 ‘이야기’와 ‘해설’ 그리고 ‘실천가이드’로 구성되어 있다. 자신의 문제에 직면하기 어려웠던 많은 독자들이 이 책에 실린 24가지 이야기를 통해 삶의 ‘거울’과 만나는 기회가 될 것이다.'),(35,6,13,'30대 추천도서 - 서른 살이 심리학에게 묻다','<p><img style=\"width: 273.536px; height: 434px;\" src=\"http://192.168.0.149:8080/resources/upload/tmp/135393315054830age2.jpg/\"></p><p></p><p>&nbsp;<b> ‘내 인생, 도대체 뭐가 문제인 걸까? 진정 내가 원하는 것은 무엇일까? 내게도 다시 사랑이 올까?\' </b></p><p>  &nbsp;  </p><p>&nbsp; 서른살의 삶과 사랑, 일에 관하여 이야기한『서른살이 심리학에게 묻다』. 이 책은 인생의 전환기인 30대에 들어선 젊은이들이 느끼는 불안과 자립에 관하여 설명한다. </p><p>&nbsp; 갑작스레 어른들의 사회로 던져진 채 느껴야하는 낯설은 감정과 다시는 올 것 같지 않은 사랑에 대한 고민, 직장내에서의 인간관계와 자신의 욕망에 충실하게 대하는 방법 등을 정신과 의사인 저자가 심리학적으로 35가지 테마로 나눠 조언한다. </p><br><p></p>\r\n','2012-11-26 12:34:09','&nbsp;‘내 인생, 도대체 뭐가 문제인 걸까? 진정 내가 원하는 것은 무엇일까? 내게도 다시 사랑이 올까?\'&nbsp;&nbsp; 서른살의 삶과 사랑, 일에 관하여 이야기한『서른살이 심리학에게 묻다』. 이 책은 인생의 전환기인 30대에 들어선 젊은이들이 느끼는 불안과 자립에 관하여 설명한다.&nbsp; 갑작스레 어른들의 사회로 던져진 채 느껴야하는 낯설은 감정과 다시는 올 것 같지 않은 사랑에 대한 고민, 직장내에서의 인간관계와 자신의 욕망에 충실하게 대하는 방법 등을 정신과 의사인 저자가 심리학적으로 35가지 테마로 나눠 조언한다.'),(36,11,4,'좋은 글ㅋㅋ','@@a12345/13/1##\r\n<div><br></div><div>잘보고갑니다.</div>','2012-11-26 12:34:17','@@a12345/13/1##잘보고갑니다.'),(37,12,8,'화장품의 종류- 스킨, 토너','<p><img src=\"http://192.168.0.149:8080/resources/upload/tmp/13539332622932600097689.20120211210800.jpg/\"></p><p>\r\n\r\n<p>모공이열리거나이완된피부를정상적인상태로수축시키기위하여세안뒤에사용하는맑은액체화장품.</p>\r\n<p>피부는연령·환경·계절·감정등의영향을받아그상태가일정하지않다. 땀과피지에의한자연방어작용으로는부족하므로인공적으로그작용을돕거나또는필요한영양분을보충하는뜻에서도화장품의사용은중요하다. 피부를크게나누면지성피부·건성피부·중성피부가있다. 따라서각피부에적합한산성·알칼리성·중성의3가지계통의화장품이필요하게된다. 산성, 즉아스트린젠트류는땀과피지의분비가왕성한젊은피부에사용한다. 그리고알칼리성화장수는일반적으로오드콜로뉴라부르는데, 노화가시작되는중년의피부에사용하며, 피부의부드러움·탄력성및윤택성을유지시킨다. 정상적인건강한피부는그상태를되도록오래유지하기위해중성화장수인스킨로션등을사용한다. </p>\r\n\r\n<br></p>','2012-11-26 12:34:55','모공이열리거나이완된피부를정상적인상태로수축시키기위하여세안뒤에사용하는맑은액체화장품.피부는연령·환경·계절·감정등의영향을받아그상태가일정하지않다. 땀과피지에의한자연방어작용으로는부족하므로인공적으로그작용을돕거나또는필요한영양분을보충하는뜻에서도화장품의사용은중요하다. 피부를크게나누면지성피부·건성피부·중성피부가있다. 따라서각피부에적합한산성·알칼리성·중성의3가지계통의화장품이필요하게된다. 산성, 즉아스트린젠트류는땀과피지의분비가왕성한젊은피부에사용한다. 그리고알칼리성화장수는일반적으로오드콜로뉴라부르는데, 노화가시작되는중년의피부에사용하며, 피부의부드러움·탄력성및윤택성을유지시킨다. 정상적인건강한피부는그상태를되도록오래유지하기위해중성화장수인스킨로션등을사용한다.'),(38,6,14,'30대 추천도서 - 선택의 조건','<p><img style=\"width: 253.026px; height: 383px; cursor: nw-resize;\" src=\"http://192.168.0.149:8080/resources/upload/tmp/135393329974230age3.jpg/\"></p><p></p><p>&nbsp; <b>선택의 갈림길에서 고민하는 사람들을 위한 행복의 지혜! </b></p><p>&nbsp; 사람은 무엇으로 행복을 얻는가『선택의 조건』. 독일의 촉망받는 저널리스트이자 심리학자이며 베스트셀러 작가인 저자 바스 카스트가 심리학, 뇌과학, 사회학, 정치학, 경제학 등 여러 분야의 풍성한 연구 결과를 바탕으로 현대인들이 실제로 현실 속에서 겪고 있는 삶의 역설에 대해 공감대 있는 문제를 제시하였다. 너무나 많은 선택지로 인해 딜레마에 빠지는, 남들보다 더 많이 갖기 위해 스트레스에 시달리는 ‘불안한 세대’인 독자들에게 이미 와 있는 특권인 행복을 어떻게 하면 잘 선택할 수 있는지에 대한 놀라운 통찰을 전한다. </p><p>&nbsp; 이 책은 잠언서가 전하는 인생 코칭의 연장선상에서 논리적이고 역설적인 방법으로 보다 자유롭고 행복한 삶을 살 수 있는 현명한 방법론을 소개한다. 수많은 선택 가능성 기회 속에 숨겨진 결정의 딜레마에 대해 논하고, 물질적 부가 가져온 외로움의 그늘, 바쁜 일상이 불러오는 불안 심리와 스트레스 등 현대인이 살면서 고스란히 느끼고 있는 삶, 그 이면에 깔린 문제점들을 생생하고 흥미롭게 풀어냈다. </p><br><p></p>\r\n','2012-11-26 12:40:37','&nbsp;선택의 갈림길에서 고민하는 사람들을 위한 행복의 지혜!&nbsp; 사람은 무엇으로 행복을 얻는가『선택의 조건』. 독일의 촉망받는 저널리스트이자 심리학자이며 베스트셀러 작가인 저자 바스 카스트가 심리학, 뇌과학, 사회학, 정치학, 경제학 등 여러 분야의 풍성한 연구 결과를 바탕으로 현대인들이 실제로 현실 속에서 겪고 있는 삶의 역설에 대해 공감대 있는 문제를 제시하였다. 너무나 많은 선택지로 인해 딜레마에 빠지는, 남들보다 더 많이 갖기 위해 스트레스에 시달리는 ‘불안한 세대’인 독자들에게 이미 와 있는 특권인 행복을 어떻게 하면 잘 선택할 수 있는지에 대한 놀라운 통찰을 전한다.&nbsp; 이 책은 잠언서가 전하는 인생 코칭의 연장선상에서 논리적이고 역설적인 방법으로 보다 자유롭고 행복한 삶을 살 수 있는 현명한 방법론을 소개한다. 수많은 선택 가능성 기회 속에 숨겨진 결정의 딜레마에 대해 논하고, 물질적 부가 가져온 외로움의 그늘, 바쁜 일상이 불러오는 불안 심리와 스트레스 등 현대인이 살면서 고스란히 느끼고 있는 삶, 그 이면에 깔린 문제점들을 생생하고 흥미롭게 풀어냈다.'),(39,12,9,'화장품의 종류- 로션','<p>\r\n\r\n<p><p><img src=\"http://192.168.0.149:8080/resources/upload/tmp/13539333209284110578715.20120211210447.jpg/\"></p><br></p><p>피부의각층에수분을주어피부표면을다듬는작용을하는수용성화장품.</p>\r\n<p>기초화장품으로, 여러가지화장품에로션이란이름을붙이고있으나, 본래는에탄올·글리세롤·글리콜·붕산·시트르산·식물점액·정제수등을주원료로한피부전용화장수로서, 피부에윤기를주고피부표면의pH를조절하거나수렴·살균·방취등의효과가있다. 대중적인것으로는피부를수렴시켜서청량감을주는산성의아스트린젠트로션, 피부를유연하게하여매끄러움을주는알칼리성화장수, 산화아연등을배합한칼라민로션등이있다. 또한크림류를배합한밀크로션이있는데, 사용법은로션과비슷하나크림으로서취급된다. </p>\r\n\r\n<br></p>','2012-11-26 12:35:23','피부의각층에수분을주어피부표면을다듬는작용을하는수용성화장품.기초화장품으로, 여러가지화장품에로션이란이름을붙이고있으나, 본래는에탄올·글리세롤·글리콜·붕산·시트르산·식물점액·정제수등을주원료로한피부전용화장수로서, 피부에윤기를주고피부표면의pH를조절하거나수렴·살균·방취등의효과가있다. 대중적인것으로는피부를수렴시켜서청량감을주는산성의아스트린젠트로션, 피부를유연하게하여매끄러움을주는알칼리성화장수, 산화아연등을배합한칼라민로션등이있다. 또한크림류를배합한밀크로션이있는데, 사용법은로션과비슷하나크림으로서취급된다.'),(40,5,15,'20대 추천 도서- 청춘 인문학','<p></p><p></p><p>&nbsp;<b> </b></p><p><b><img style=\"width: 261.49px; height: 383px; cursor: nw-resize;\" src=\"http://192.168.0.149:8080/resources/upload/tmp/135393345201020age2.jpg/\"></b></p><b><br></b><p></p><p><b>&nbsp; 기존의 담론들이 다루지 못했던 우리 시대 청춘의 구석구석을 파헤친 책! </b></p><p><b>&nbsp; 폭넓은 인문학적 통찰 속에서 ‘현대’와 함께 청춘의 해답을 찾아나간다 </b></p><p>  &nbsp;  </p><p>&nbsp; 우리 시대 청춘의 삶과 언어를 분석하고, 그 이면에 깔린 현실 논리를 인문학적으로 탐구한 청춘의 책<font color=\"#e36c09\">『청춘인문학</font>』. 이 책은 청춘에 대한 온갖 말들이 쏟아짐에도, 여전히 방황하고 머뭇거리는 청춘들에게 ‘생각의 중심’과 ‘인식의 지도’를 선물한다. 『청춘인문학』은 현재 한국과 청춘, 현대, 현실, 삶의 문제를 폭넓게 분석하여, 모든 것이 모호하고 불안한 시대에 살고 있는 청춘에게 힘과 언어, 관점과 삶을 되돌려준다.</p><p>『청춘인문학』은 근래에 범람하고 있는 자기 계발서, 청춘 멘토들, 정치·사회적 비판가들이랑은 다른 길을 걷는다. 이 책에서는 현실에 열심히 뛰어드는 것이 답이라고도, 따뜻한 위로와 달콤한 위안이 답이라고도, 정치를 통해 사회를 뒤엎는 것만이 답이라고도 말하지 않는다. 그 대신 지금 청춘을 살고 있는 한 젊은이의 입장에서 ‘이 하나뿐인 청춘과 삶을 어떻게 살아나가야 할 것인가’에 대한 답을 찾아나간다.</p><br><p></p>\r\n','2012-11-26 12:40:52','&nbsp;&nbsp; 기존의 담론들이 다루지 못했던 우리 시대 청춘의 구석구석을 파헤친 책!&nbsp; 폭넓은 인문학적 통찰 속에서 ‘현대’와 함께 청춘의 해답을 찾아나간다&nbsp;&nbsp; 우리 시대 청춘의 삶과 언어를 분석하고, 그 이면에 깔린 현실 논리를 인문학적으로 탐구한 청춘의 책『청춘인문학』. 이 책은 청춘에 대한 온갖 말들이 쏟아짐에도, 여전히 방황하고 머뭇거리는 청춘들에게 ‘생각의 중심’과 ‘인식의 지도’를 선물한다. 『청춘인문학』은 현재 한국과 청춘, 현대, 현실, 삶의 문제를 폭넓게 분석하여, 모든 것이 모호하고 불안한 시대에 살고 있는 청춘에게 힘과 언어, 관점과 삶을 되돌려준다.『청춘인문학』은 근래에 범람하고 있는 자기 계발서, 청춘 멘토들, 정치·사회적 비판가들이랑은 다른 길을 걷는다. 이 책에서는 현실에 열심히 뛰어드는 것이 답이라고도, 따뜻한 위로와 달콤한 위안이 답이라고도, 정치를 통해 사회를 뒤엎는 것만이 답이라고도 말하지 않는다. 그 대신 지금 청춘을 살고 있는 한 젊은이의 입장에서 ‘이 하나뿐인 청춘과 삶을 어떻게 살아나가야 할 것인가’에 대한 답을 찾아나간다.'),(41,12,10,'화장품의 종류- 에센스, 세럼','<p><br></p><p>\r\n\r\n<p>피부의고민을가장빠르게해결해주는농축제품을에센스라고합니다. 에센스는혈액중영양성분이많은혈청을뜻하는\'세럼\'이라고도하는데, 그만큼피부에영양을주는제품입니다. 보통에센스를바르기전에부스터에센스를사용하는데, 잠이덜깬피부를깨우거나지친피부를진정시켜고농축에센스의흡수를돕는역할을담당하죠.</p>\r\n\r\n<p>에센스는활성성분을고농축한것으로기능성제품들이많은데, 피부가스스로자기기능을하지못하고노화가시작되면이러한활성성분들이보조제의역할을해서피부노화를억제합니다. 활성성분들은입자가작고피부침투력이좋아피부깊숙이흡수되어세포재생을돕는역할을합니다.</p>\r\n<p>① 화이트닝에센스</p>\r\n\r\n<p>멜라노사이트내의멜라닌생성억제, 표피층으로의확산억제, 이미생겨침착된멜라닌을제거하여뽀얗고투명한잡티없는피부를만들어줍니다.</p>\r\n<p>② 안티에이징(노화방지) 에센스</p>\r\n\r\n<p>콜라겐합성부스트, 세포턴오버활성, 피부보호를통해탄력을되찾고생기를부여하며주름을완화합니다.</p>\r\n<p>③ 피지정상화에센스</p>\r\n\r\n<p>피지분비억제, 분비된피지흡수, 염증완화, 피부결점생성을방지해번들거리지않고뽀송뽀송한피부를만드는데도움을줍니다.</p>\r\n<p>④ 수분공급에센스</p>\r\n\r\n<p>수분부족으로인해땅기고푸석푸석한피부에보호막강화, 수분공급을하여촉촉하고편안한피부를만들어줍니다.</p>\r\n<p>⑤ 민감성에센스</p>\r\n\r\n<p>민감한피부를진정시켜안정을주고달래는기능을합니다.</p>\r\n<p>⑥ 부스터에센스</p>\r\n\r\n<p>아침에는피부를깨우고수분과비타민공급, 밤에는진정시켜다음단계인메인트리트먼트의흡수력을높여줍니다.</p>\r\n\r\n<br></p>','2012-11-26 12:36:34','피부의고민을가장빠르게해결해주는농축제품을에센스라고합니다. 에센스는혈액중영양성분이많은혈청을뜻하는\'세럼\'이라고도하는데, 그만큼피부에영양을주는제품입니다. 보통에센스를바르기전에부스터에센스를사용하는데, 잠이덜깬피부를깨우거나지친피부를진정시켜고농축에센스의흡수를돕는역할을담당하죠.에센스는활성성분을고농축한것으로기능성제품들이많은데, 피부가스스로자기기능을하지못하고노화가시작되면이러한활성성분들이보조제의역할을해서피부노화를억제합니다. 활성성분들은입자가작고피부침투력이좋아피부깊숙이흡수되어세포재생을돕는역할을합니다.① 화이트닝에센스멜라노사이트내의멜라닌생성억제, 표피층으로의확산억제, 이미생겨침착된멜라닌을제거하여뽀얗고투명한잡티없는피부를만들어줍니다.② 안티에이징(노화방지) 에센스콜라겐합성부스트, 세포턴오버활성, 피부보호를통해탄력을되찾고생기를부여하며주름을완화합니다.③ 피지정상화에센스피지분비억제, 분비된피지흡수, 염증완화, 피부결점생성을방지해번들거리지않고뽀송뽀송한피부를만드는데도움을줍니다.④ 수분공급에센스수분부족으로인해땅기고푸석푸석한피부에보호막강화, 수분공급을하여촉촉하고편안한피부를만들어줍니다.⑤ 민감성에센스민감한피부를진정시켜안정을주고달래는기능을합니다.⑥ 부스터에센스아침에는피부를깨우고수분과비타민공급, 밤에는진정시켜다음단계인메인트리트먼트의흡수력을높여줍니다.'),(42,5,16,'20대 추천 도서- 유수연의 독설','<p></p><p><img style=\"cursor: nw-resize; width: 280.297px; height: 378px;\" src=\"http://192.168.0.149:8080/resources/upload/tmp/135393340308220age3.jpg/\"></p><p>&nbsp; 2012년 2월과 5월 두 차례에 걸쳐 tvN<span style=\"color: #e36c09;\"> [스타 특강쇼]</span>에 출연하여 젊은이들에게 여과 없는 독설을 퍼부었던 유수연. 2030 세대들은 그런 그녀를 비난하기보다 오히려 그녀의 독설에 열광한다. 왜일까? 그녀는 취업, 승진, 이직 등의 가장 기본적인 스펙인 토익을 가르치는 스타 강사이다. 그녀는 생존 경쟁의 최전선에서 토익 점수라도 올리려고 좁은 강의실로 몰려드는 2030 세대들과 가장 가까이에서 부대낀다. 그들을 짓누르는 초라한 현실과 출구 없는 고민의 중압감을 누구보다 잘 안다. 한때 그녀도 그들처럼 세상의 중심으로 나아가는 현실의 벽 앞에서 똑같은 고민을 하던 청춘이었기 때문이다.</p><p>  &nbsp;  </p><p>&nbsp; 이 책에서 현실에 굴복하고 고민에 발목 잡힌 채 우물쭈물 주저앉는 오늘의 2030 세대들에게 퍼붓는 유수연의 쓴소리는 ‘꼰대’의 일방적인 훈계가 아니다. 그 쓴소리들은 그녀가 위로를 구하는 대신 자신을 지독하게 몰아붙인 독설이다. 그 독설이 ‘세상의 들러리’에 불과했던 그녀의 청춘을 채찍질하여 ‘세상의 주인공’으로 당당하게 나서게 해주었다. 그래서 그녀의 쌉쌀한 독설은 달콤한 위로보다 강력하고 진실하며, 진정성을 가지고 폭넓은 공감대를 형성한다.</p><br><p></p>\r\n','2012-11-26 12:41:49','&nbsp; 2012년 2월과 5월 두 차례에 걸쳐 tvN[스타 특강쇼]에 출연하여 젊은이들에게 여과 없는 독설을 퍼부었던 유수연. 2030 세대들은 그런 그녀를 비난하기보다 오히려 그녀의 독설에 열광한다. 왜일까? 그녀는 취업, 승진, 이직 등의 가장 기본적인 스펙인 토익을 가르치는 스타 강사이다. 그녀는 생존 경쟁의 최전선에서 토익 점수라도 올리려고 좁은 강의실로 몰려드는 2030 세대들과 가장 가까이에서 부대낀다. 그들을 짓누르는 초라한 현실과 출구 없는 고민의 중압감을 누구보다 잘 안다. 한때 그녀도 그들처럼 세상의 중심으로 나아가는 현실의 벽 앞에서 똑같은 고민을 하던 청춘이었기 때문이다.&nbsp;&nbsp; 이 책에서 현실에 굴복하고 고민에 발목 잡힌 채 우물쭈물 주저앉는 오늘의 2030 세대들에게 퍼붓는 유수연의 쓴소리는 ‘꼰대’의 일방적인 훈계가 아니다. 그 쓴소리들은 그녀가 위로를 구하는 대신 자신을 지독하게 몰아붙인 독설이다. 그 독설이 ‘세상의 들러리’에 불과했던 그녀의 청춘을 채찍질하여 ‘세상의 주인공’으로 당당하게 나서게 해주었다. 그래서 그녀의 쌉쌀한 독설은 달콤한 위로보다 강력하고 진실하며, 진정성을 가지고 폭넓은 공감대를 형성한다.'),(43,12,11,'화장품의 종류- 크림','<p>\r\n\r\n</p>\n\r\n\r\n\r\n\r\n<p></p>\n\r\n\r\n\r\n\r\n<p><br></p>\n\r\n\r\n\r\n<p><img src=\"http://192.168.0.149:8080/resources/upload/tmp/13539334566035403774989.20120211210113.jpg/\" style=\"\"></p>\n\r\n\r\n\r\n\r\n<br><p></p>\n\r\n\r\n\r\n\r\n<p>몸을청결하게유지하고피부나모발을건강하게하는데필요한화장품.</p>\n\r\n\r\n\r\n\r\n\r\n\r\n<p>지방유나유랍중의하나와물을계면활성제(보통유화제라한다)로유화시켜원료와전혀다른품질형체로만든제품의총칭이다. 화장용크림류를사용목적및내용원료로대별하면, 유분이많은콜드, 즉클린싱타입의유성크림과비교적유분이적은배니싱타입의크림, 보통중성크림이라불리며애용되는, 양자의중간에해당되는하이지닉타입의크림등3계통이있다.</p>\n\r\n\r\n\r\n\r\n\r\n\r\n<p><br></p>\n\r\n\r\n\r\n\r\n\r\n\r\n<p>② 배니싱크림: 배니싱타입의크림은스테아르산·세탄올·경랍·정제라놀린등동물성유지에글리세롤·프로필렌글리콜·소르비톨등피부유연활달제를첨가한것이다. 4계절의기온변화나오염등외계의자극으로부터민감한피부를보호하고, 매끄럽게유지하며, 윤기있는피부로간직하기위해필요한크림이다. 화장용로션종류도내용·품질면에서보면배니싱타입에속한다.</p>\n\r\n\r\n\r\n\r\n\r\n\r\n<p>③ 하이지닉크림: 하이지닉타입의크림은양자의중간적인원료배합을한크림이나, 앞에서든동물성유지이외에스크아란·아몬드유·올리브유·라놀린알코올등직접피부의영양이될수있는원료유를많이함유한것이보통이며, 때로는여성호르몬등을첨가한것도있다. 일반적으로너리싱크림(영양크림) ·에멀리언트크림이라하는것으로, 중년이상의노화피부에상용한다. 그밖에염색·탈색·콜드퍼머넌트등으로상한모발을보호하거나, 끊어지거나갈라지는머리털에영양을주기위하여사용되는헤어트리트먼트크림류도이에속한다.</p>\n\r\n\r\n\r\n\r\n\r\n\r\n<p>실제로시판되는크림류는이상의어느한타입에는꼭속하지만, 조합향료의차이를비롯하여원료면에서도각각의특징을드러내기위하여기본원료이외의원료를추가하는것이보통이다. 그러나그제품에실제적인가치를부가하는것은유화기술이다. 크림류를선택할때주의할것은사용했을때피부에자극을주거나묵직한부담감을느끼게하는것은피부에맞지않는다는것을알아둔다. </p>\n\r\n\r\n\r\n\r\n\r\n\r\n<br><p></p>\n\r\n','2012-11-27 09:59:17','몸을청결하게유지하고피부나모발을건강하게하는데필요한화장품.지방유나유랍중의하나와물을계면활성제(보통유화제라한다)로유화시켜원료와전혀다른품질형체로만든제품의총칭이다. 화장용크림류를사용목적및내용원료로대별하면, 유분이많은콜드, 즉클린싱타입의유성크림과비교적유분이적은배니싱타입의크림, 보통중성크림이라불리며애용되는, 양자의중간에해당되는하이지닉타입의크림등3계통이있다.② 배니싱크림: 배니싱타입의크림은스테아르산·세탄올·경랍·정제라놀린등동물성유지에글리세롤·프로필렌글리콜·소르비톨등피부유연활달제를첨가한것이다. 4계절의기온변화나오염등외계의자극으로부터민감한피부를보호하고, 매끄럽게유지하며, 윤기있는피부로간직하기위해필요한크림이다. 화장용로션종류도내용·품질면에서보면배니싱타입에속한다.③ 하이지닉크림: 하이지닉타입의크림은양자의중간적인원료배합을한크림이나, 앞에서든동물성유지이외에스크아란·아몬드유·올리브유·라놀린알코올등직접피부의영양이될수있는원료유를많이함유한것이보통이며, 때로는여성호르몬등을첨가한것도있다. 일반적으로너리싱크림(영양크림) ·에멀리언트크림이라하는것으로, 중년이상의노화피부에상용한다. 그밖에염색·탈색·콜드퍼머넌트등으로상한모발을보호하거나, 끊어지거나갈라지는머리털에영양을주기위하여사용되는헤어트리트먼트크림류도이에속한다.실제로시판되는크림류는이상의어느한타입에는꼭속하지만, 조합향료의차이를비롯하여원료면에서도각각의특징을드러내기위하여기본원료이외의원료를추가하는것이보통이다. 그러나그제품에실제적인가치를부가하는것은유화기술이다. 크림류를선택할때주의할것은사용했을때피부에자극을주거나묵직한부담감을느끼게하는것은피부에맞지않는다는것을알아둔다.'),(44,5,17,'20대 추천 도서- 인생에서 가장 소중한 것은 서점에 있다','<p></p><p><img style=\"width: 218.969px; height: 323px; cursor: nw-resize;\" src=\"http://192.168.0.149:8080/resources/upload/tmp/135393348000120age4.jpg/\"></p><p>&nbsp; 일본 최고의 베스트셀러 작가이자 컨설턴트, 그리고 스스로 책과는 담을 쌓았던 저자가 말하는 인생을 변화시키는 청춘의 공부법, 독서법. 독서 방법론과 동기부여를 결합시킨 독특한 컨셉의 책이다. 고등학교 시절까지 단 한 권의 책도 읽은 적이 없을 만큼 책과는 담을 쌓았던 저자가 책에 관심을 붙이기까지의 경험담, 지루한 숙제처럼 책을 읽는 대신 자신만의 습관과 희열을 통해 책을 재미있게 읽는 법, 각 장르의 다양한 책을 고르고 취하는 방법 등 80가지 청춘들을 위한 독서법이 인상적이다.</p><br><p></p>\r\n','2012-11-26 12:42:04','&nbsp; 일본 최고의 베스트셀러 작가이자 컨설턴트, 그리고 스스로 책과는 담을 쌓았던 저자가 말하는 인생을 변화시키는 청춘의 공부법, 독서법. 독서 방법론과 동기부여를 결합시킨 독특한 컨셉의 책이다. 고등학교 시절까지 단 한 권의 책도 읽은 적이 없을 만큼 책과는 담을 쌓았던 저자가 책에 관심을 붙이기까지의 경험담, 지루한 숙제처럼 책을 읽는 대신 자신만의 습관과 희열을 통해 책을 재미있게 읽는 법, 각 장르의 다양한 책을 고르고 취하는 방법 등 80가지 청춘들을 위한 독서법이 인상적이다.'),(45,11,5,'Why','@@a12345/13/2##','2012-11-26 12:38:13','@@a12345/13/2##'),(46,5,18,'20대 추천 도서- 20대라면 무조건 써먹는 경제상식','<p><img style=\"cursor: nw-resize; width: 258.981px; height: 388px;\" src=\"http://192.168.0.149:8080/resources/upload/tmp/135393352789120age5.jpg/\"></p><p></p><p><font color=\"#e36c09\">『20대라면 무조건 써먹는 경제상식』</font>은 취업과 창업, 그리고 경제독립을 앞둔 20대라면 무조건 알아야 하는 경제용어의 정리는 물론, 모르면 당하지만 제대로 알면 돈이 되는 경제상식을 알려준다. 취업을 하고자 한다면 어떤 것을 준비하고 알아 두어야 하는지, 거래와 영수증 관리는 왜 필요하고 어떻게 하면 효과적인지, 사회생활을 위해 기초적으로 알아 두어야 할 법상식은 어떤 것이 있는지, 기업을 이해하는 데 있어 필수적인 것은 어떤 것이 있는지 등 지금 당장 사회생활에서 써먹을 수 있는 경제상식의 모든 것을 담았다. </p><br><p></p>\r\n','2012-11-26 12:41:33','『20대라면 무조건 써먹는 경제상식』은 취업과 창업, 그리고 경제독립을 앞둔 20대라면 무조건 알아야 하는 경제용어의 정리는 물론, 모르면 당하지만 제대로 알면 돈이 되는 경제상식을 알려준다. 취업을 하고자 한다면 어떤 것을 준비하고 알아 두어야 하는지, 거래와 영수증 관리는 왜 필요하고 어떻게 하면 효과적인지, 사회생활을 위해 기초적으로 알아 두어야 할 법상식은 어떤 것이 있는지, 기업을 이해하는 데 있어 필수적인 것은 어떤 것이 있는지 등 지금 당장 사회생활에서 써먹을 수 있는 경제상식의 모든 것을 담았다.'),(47,5,19,'20대 추천 도서- 생각 버리기 연습','<p><img style=\"width: 235.711px; height: 318px; cursor: nw-resize;\" src=\"http://192.168.0.149:8080/resources/upload/tmp/135393355884120age6.jpg/\"></p><p></p><p><b>&nbsp; 생각병을 치유하다! </b></p><p>&nbsp; 일본 쓰키요미지 주지 스님으로 일반인을 위한 좌선 지도를 해온 코이케 류노스케의 『생각 버리기 연습』. 뇌의 역할을 지나치게 강조하고 감사하게 여기는 풍조를 뒤엎을 \'휴뇌법\'을 공개한다. \'생각 버리기 연습\'을 통해 우리를 끝없이 괴롭히는 잡념의 정체를 밝혀, 그것을 완전히 없애는 방법을 배울 수 있다. \'말하기\'부터 \'기르기\'까지 8가지 영역으로 나누어 일상생활에서 쉽게 실천하도록 인도한다. 특히 생각하지 않고 오감으로 느낌으로써 어지러운 마음을 서서히 사라지게 하도록 이끌고 있다. 뇌를 쉬게 할 뿐 아니라, 충전하여 날카로움과 명철함으로 가득한 새로운 세계로 들어서게 될 것이다. </p><p>  &nbsp;  </p><br><p></p>\r\n','2012-11-26 12:41:18','&nbsp; 생각병을 치유하다!&nbsp; 일본 쓰키요미지 주지 스님으로 일반인을 위한 좌선 지도를 해온 코이케 류노스케의 『생각 버리기 연습』. 뇌의 역할을 지나치게 강조하고 감사하게 여기는 풍조를 뒤엎을 \'휴뇌법\'을 공개한다. \'생각 버리기 연습\'을 통해 우리를 끝없이 괴롭히는 잡념의 정체를 밝혀, 그것을 완전히 없애는 방법을 배울 수 있다. \'말하기\'부터 \'기르기\'까지 8가지 영역으로 나누어 일상생활에서 쉽게 실천하도록 인도한다. 특히 생각하지 않고 오감으로 느낌으로써 어지러운 마음을 서서히 사라지게 하도록 이끌고 있다. 뇌를 쉬게 할 뿐 아니라, 충전하여 날카로움과 명철함으로 가득한 새로운 세계로 들어서게 될 것이다.&nbsp;'),(48,5,20,'20대 추천 도서- 스물아홉 생일, 1년 후 죽기로 결심했다.','<p><img style=\"width: 257.111px; height: 377px; cursor: nw-resize;\" src=\"http://192.168.0.149:8080/resources/upload/tmp/135393359103820age7.jpg/\"></p><p></p><p>&nbsp;<b> 인생에서의 마법은 끝이 있다는 것을 의식하는 순간부터 시작된다! </b></p><p>&nbsp; 스물아홉 생일로부터 1년간의 치열한 기록을 담은 하야마 아마리의 자전적 에세이<font color=\"#e36c09\">『스물아홉 생일, 1년 후 죽기로 결심했다』</font>. 이 작품은 스물아홉의 나이에 스스로 1년의 시한부 인생을 선고할 수밖에 없었던 저자의 이야기를 담은 책이다. 변변한 직장도 없고, 애인에게는 버림받았으며, 못생긴 데다 73킬로그램이 넘는 외톨이였던 저자는 혼자만의 우울한 스물아홉 생일을 보내던 중 깜깜한 터널과도 같은 인생에 절망하며 자살을 결심한다. 그러나 죽을 용기마저 내지 못하고, 그런 자신의 모습에 좌절하며 텔레비전 화면에 무심코 시선을 던진 저자는 눈앞에 펼쳐진 너무도 아름다운 세계, 라스베이거스에서 최고로 멋진 순간을 맛본 뒤에 죽으리라 결심하고 1년의 시한부 인생을 선고한다. 절망에 빠져 있을 때는 혼자만 힘들다는 생각에 괴로워했지만 1년의 치열한 삶을 통해 사실은 그렇지 않다는 깨달음을 얻었다고 이야기하며, 죽음을 주시하며 살아가는 인간이 갖는 놀라운 힘을 보여준다.</p><br><p></p>\r\n','2012-11-26 12:41:04','&nbsp;인생에서의 마법은 끝이 있다는 것을 의식하는 순간부터 시작된다!&nbsp; 스물아홉 생일로부터 1년간의 치열한 기록을 담은 하야마 아마리의 자전적 에세이『스물아홉 생일, 1년 후 죽기로 결심했다』. 이 작품은 스물아홉의 나이에 스스로 1년의 시한부 인생을 선고할 수밖에 없었던 저자의 이야기를 담은 책이다. 변변한 직장도 없고, 애인에게는 버림받았으며, 못생긴 데다 73킬로그램이 넘는 외톨이였던 저자는 혼자만의 우울한 스물아홉 생일을 보내던 중 깜깜한 터널과도 같은 인생에 절망하며 자살을 결심한다. 그러나 죽을 용기마저 내지 못하고, 그런 자신의 모습에 좌절하며 텔레비전 화면에 무심코 시선을 던진 저자는 눈앞에 펼쳐진 너무도 아름다운 세계, 라스베이거스에서 최고로 멋진 순간을 맛본 뒤에 죽으리라 결심하고 1년의 시한부 인생을 선고한다. 절망에 빠져 있을 때는 혼자만 힘들다는 생각에 괴로워했지만 1년의 치열한 삶을 통해 사실은 그렇지 않다는 깨달음을 얻었다고 이야기하며, 죽음을 주시하며 살아가는 인간이 갖는 놀라운 힘을 보여준다.'),(49,1,6,'팜플렛 내용 ㅋㅋㅋ','<p>\r\n<p>제 2조 JINBO (JINBO Is Not Blog) Service</p>\n\r\n\r\n<p>\r\n</p>\n\r\n<ul>\r\n<li>개 요</li>\r\n</ul>\r\n<p>&nbsp; 최근 Client 측 프로그래밍에 대한 필요성이 대두되며 Javascript나 HTML5 같은 다양한 Front End 기술들이 나날이 발전하고 있다. 또한 스마트폰을 시작으로 태블릿 PC에 이르기 까지 다양한 모바일 환경이 등장하며 사용자들의 UX 또한 많은 변화를 가지고 오고 있다.</p>\n\r\n\r\n<p>\r\n</p>\n\r\n<p>&nbsp; 이러한 환경 속에서 자신의 생각을 타인과 공유하기 위한 매체로 실시간적이고 짧은 글 위주의 Twitter, Facebook 같은 Social Network Service가 인기를 끌고 있지만, 여전히 자신의 관심 주제에 대한 글을 모아놓을 수 있는 블로그 서비스를 이용하는 사용자가 많다. 하지만 블로그의 관심 주제에 대한 글을 생산/소비하는 형태에 대해서 과거와 현재 별다른 변화를 가져오지 않고 있다.</p>\n\r\n\r\n<p>\r\n</p>\n\r\n<p>&nbsp; 블로그가 관심 주제에 대한 글들을 모아두었기 때문에, 해당 블로그를 방문한 사용자는 좀 더 쉽게 마음에 드는 포스트에 대한 글을 내 블로그에 포스팅할 수 있어야 하며, 또한 블로그 관리자는 내 글의 변경 내역들을 관리하여 줌으로써 과거에서 현재로의 변경내역을 비교할 수 있을 뿐만 아니라 과거 버전의 글을 확인할 수 있도록 JINBO 를 개발하게 되었다.</p>\n\r\n\r\n<p>\r\n</p>\n\r\n<p>&nbsp; JINBO는 타인의 글을 참조하며 관심있는 주제에 대한 글을 작성하는데 있어서 기존의 블로그에 비해 좀 더 편의성을 제공하여 생산력을 높일 뿐만 아니라, 글을 수정하며 변경된 내역을 버전별로 관리하여 글을 정제해나가며 변경된 내역을 비교할 수 있으며, 과거 버전의 글을 확인할 수도 있게 개발하였다.&nbsp;</p>\n\r\n\r\n<p>\r\n</p>\n\r\n<p>\r\n</p>\n\r\n<ul>\r\n<li>설계의 주안점</li>\r\n</ul>\r\n<ul>\r\n<li>기존의 블로그에서 제공하던 기능들 모두 제공</li>\r\n<li>관심 주제의 글을 좀 더 유연하게 생산하기 위한 스크랩 기능 강화</li>\r\n<li>작성한 글의 버전 관리</li>\r\n</ul>\r\n<p>\r\n</p>\n\r\n<p>\r\n</p>\n\r\n<ul>\r\n<li>응용 분야</li>\r\n</ul>\r\n<p>게시판 형태의 Web 기반 서비스</p>\n\r\n\r\n<p>\r\n</p>\n\r\n<p>\r\n</p>\n\r\n<ul>\r\n<li>사용 도구</li>\r\n</ul>\r\n<ul>\r\n<li>기술 : Spring, MyBatis, jQuery</li>\r\n<li>개발환경 : Window7, OS X 10.8.2, Java SE 1.6, Apache Tomcat 7.0, Spring Tool Suite 3.1.0, Chrome 23, Firefox 16</li>\r\n</ul>\r\n<p>\r\n</p>\n\r\n<p>\r\n</p>\n\r\n<p>- 개발 환경</p>\n\r\n\r\n<p>OS : Window 7, OS X 10.8.2</p>\n\r\n\r\n<p>JDK : Java SE 1.6</p>\n\r\n\r\n<p>WAS : Apache Tomcat 7.0</p>\n\r\n\r\n<p>Tool : Spring Tool Suite 3.1.0</p>\n\r\n\r\n<p>Browser : Chrome 23, Firefox 16</p>\n\r\n\r\n<p>\r\n</p>\n\r\n<p><br>\r\n- 조원</p>\n\r\n\r\n<p>곽영철, 민용기, 최준용, 강현모</p>\n\r\n<br></p>\n\r\n','2012-12-05 04:54:03','제 2조 JINBO (JINBO Is Not Blog) Service개 요&nbsp; 최근 Client 측 프로그래밍에 대한 필요성이 대두되며 Javascript나 HTML5 같은 다양한 Front End 기술들이 나날이 발전하고 있다. 또한 스마트폰을 시작으로 태블릿 PC에 이르기 까지 다양한 모바일 환경이 등장하며 사용자들의 UX 또한 많은 변화를 가지고 오고 있다.&nbsp; 이러한 환경 속에서 자신의 생각을 타인과 공유하기 위한 매체로 실시간적이고 짧은 글 위주의 Twitter, Facebook 같은 Social Network Service가 인기를 끌고 있지만, 여전히 자신의 관심 주제에 대한 글을 모아놓을 수 있는 블로그 서비스를 이용하는 사용자가 많다. 하지만 블로그의 관심 주제에 대한 글을 생산/소비하는 형태에 대해서 과거와 현재 별다른 변화를 가져오지 않고 있다.&nbsp; 블로그가 관심 주제에 대한 글들을 모아두었기 때문에, 해당 블로그를 방문한 사용자는 좀 더 쉽게 마음에 드는 포스트에 대한 글을 내 블로그에 포스팅할 수 있어야 하며, 또한 블로그 관리자는 내 글의 변경 내역들을 관리하여 줌으로써 과거에서 현재로의 변경내역을 비교할 수 있을 뿐만 아니라 과거 버전의 글을 확인할 수 있도록 JINBO 를 개발하게 되었다.&nbsp; JINBO는 타인의 글을 참조하며 관심있는 주제에 대한 글을 작성하는데 있어서 기존의 블로그에 비해 좀 더 편의성을 제공하여 생산력을 높일 뿐만 아니라, 글을 수정하며 변경된 내역을 버전별로 관리하여 글을 정제해나가며 변경된 내역을 비교할 수 있으며, 과거 버전의 글을 확인할 수도 있게 개발하였다.&nbsp;설계의 주안점기존의 블로그에서 제공하던 기능들 모두 제공관심 주제의 글을 좀 더 유연하게 생산하기 위한 스크랩 기능 강화작성한 글의 버전 관리응용 분야게시판 형태의 Web 기반 서비스사용 도구기술 : Spring, MyBatis, jQuery개발환경 : Window7, OS X 10.8.2, Java SE 1.6, Apache Tomcat 7.0, Spring Tool Suite 3.1.0, Chrome 23, Firefox 16- 개발 환경OS : Window 7, OS X 10.8.2JDK : Java SE 1.6WAS : Apache Tomcat 7.0Tool : Spring Tool Suite 3.1.0Browser : Chrome 23, Firefox 16- 조원곽영철, 민용기, 최준용, 강현모'),(50,5,21,'20대 추천 도서 - 어떻게 사랑할 것인가','<p><img style=\"width: 310.577px; height: 475px; cursor: nw-resize;\" src=\"http://192.168.0.149:8080/resources/upload/tmp/135393375805620age8.jpg/\"></p><p></p><p>&nbsp; <b>장영희 교수가 젊은이들에게 들려준 주옥같은 강연모음집! </b></p><p>&nbsp;<font color=\"#e36c09\"> &lt;문학의 숲을 거닐다&gt;</font>의 저자 장영희의 청춘들을 위한 문학과 인생 강의를 담은 에세이『어떻게 사랑할 것인가』. 평생 소아마비라는 장애를 안고 암 투병이라는 힘든 여정의 삶을 살았지만, 언제나 희망을 잃지 않고 문학을 사랑하고 삶을 사랑하고 무엇보다 제자들을 비롯한 이 땅의 청춘들을 사랑했던 저자가 남긴 사랑과 문학의 이야기를 전하는 책이다. 문학을 사랑했던 성공한 사람들의 이야기, 인생을 살면서 힘이 들 때마다 떠올렸던 문학작품 속의 구절, 그리고 글쓰기의 방법과 청춘들에게 주는 시편들을 소개한다. 이와 함께 사회에 첫발을 내딛는 젊은이들, 20대의 여자들에게 들려주는 인생의 메시지와 문학과 함께해온 삶 이야기를 인터뷰 형식으로 엮어 인생을 살아가는데 좋은 지침이 되어준다. </p><br><p></p>\r\n','2012-11-27 06:37:18','&nbsp;장영희 교수가 젊은이들에게 들려준 주옥같은 강연모음집!&nbsp;&lt;문학의 숲을 거닐다&gt;의 저자 장영희의 청춘들을 위한 문학과 인생 강의를 담은 에세이『어떻게 사랑할 것인가』. 평생 소아마비라는 장애를 안고 암 투병이라는 힘든 여정의 삶을 살았지만, 언제나 희망을 잃지 않고 문학을 사랑하고 삶을 사랑하고 무엇보다 제자들을 비롯한 이 땅의 청춘들을 사랑했던 저자가 남긴 사랑과 문학의 이야기를 전하는 책이다. 문학을 사랑했던 성공한 사람들의 이야기, 인생을 살면서 힘이 들 때마다 떠올렸던 문학작품 속의 구절, 그리고 글쓰기의 방법과 청춘들에게 주는 시편들을 소개한다. 이와 함께 사회에 첫발을 내딛는 젊은이들, 20대의 여자들에게 들려주는 인생의 메시지와 문학과 함께해온 삶 이야기를 인터뷰 형식으로 엮어 인생을 살아가는데 좋은 지침이 되어준다.'),(51,7,12,'LG 스마트폰 \'옵티머스G\' 미 컨슈머리포트 평가 1위','<p><img src=\"http://192.168.0.149:8080/resources/upload/tmp/13539337958601353676701_hFYMkm0i_feogoo201211232042540.jpg/\"></p><p><p><br><br></p><p>LG전자가 휴대폰 명가부활을 선언하며 야심 차게 내놓은 전략 스마트폰 \'옵티머스G\'가 미국 최고권위의 컨슈머리포트에서</p><p>최고 제품으로 평가 받았다. LG전자 휴대폰이 컨슈머리포트 평가에서 1위에 오른 것은 이번이 처음이다.<br><br>23일 컨슈머리포트에 따르면 버라이존 AT&amp;T 스프린트 T모바일 등 미국 1~4위 이동통신업체에 공급하는 스마트폰을 대상으로</p><p>성능을 평가한 결과, 옵티머스G가 AT&amp;T와 스프린트용 스마트폰 중에 1위를 차지했다. 이번 평가는 사용 편의성, 화질, 통화,</p><p>배터리 사용시간, 카메라, 휴대성 등 10개 항목에 걸쳐 이뤄졌다.</p><p>옵티머스G는 AT&amp;T 제품 중에 사용편의성, 화질, 메시징, 웹 검색, 배터리 사용시간 등에서 \'최우수(excellent)\'평가를 받아</p><p>총점 79점으로 1위에 올랐다. 옵티머스G는 스프린트용 제품 중에서도 사용편의성, 화질, 메시징, 웹검색 4개 부문에서</p><p>최우수 평가를 받아 1위(77점)를 차지했다.<br><br><br></p><p>* 출처 :<a href=\"http://news.hankooki.com/lpage/economy/201211/h2012112321032421540.htm\">http://news.hankooki.com/lpage/economy/201211/h2012112321032421540.htm</a></p><br></p>','2012-11-26 12:43:18','LG전자가 휴대폰 명가부활을 선언하며 야심 차게 내놓은 전략 스마트폰 \'옵티머스G\'가 미국 최고권위의 컨슈머리포트에서최고 제품으로 평가 받았다. LG전자 휴대폰이 컨슈머리포트 평가에서 1위에 오른 것은 이번이 처음이다.23일 컨슈머리포트에 따르면 버라이존 AT&amp;T 스프린트 T모바일 등 미국 1~4위 이동통신업체에 공급하는 스마트폰을 대상으로성능을 평가한 결과, 옵티머스G가 AT&amp;T와 스프린트용 스마트폰 중에 1위를 차지했다. 이번 평가는 사용 편의성, 화질, 통화,배터리 사용시간, 카메라, 휴대성 등 10개 항목에 걸쳐 이뤄졌다.옵티머스G는 AT&amp;T 제품 중에 사용편의성, 화질, 메시징, 웹 검색, 배터리 사용시간 등에서 \'최우수(excellent)\'평가를 받아총점 79점으로 1위에 올랐다. 옵티머스G는 스프린트용 제품 중에서도 사용편의성, 화질, 메시징, 웹검색 4개 부문에서최우수 평가를 받아 1위(77점)를 차지했다.* 출처 :http://news.hankooki.com/lpage/economy/201211/h2012112321032421540.htm'),(52,6,22,'30대 추천도서-  언니의 독설','<p><img style=\"cursor: nw-resize; width: 262.266px; height: 388px;\" src=\"http://192.168.0.149:8080/resources/upload/tmp/135393382882230age4.jpg/\"></p><p></p><p>&nbsp; <b>애정 어린 독설로 워킹우먼들의 투지를 일깨우다! </b></p><p>&nbsp; tvN 스타특강쇼 역대 최고 시청률을 이룬 김미경의 독한 코칭<font color=\"#e36c09\">『언니의 독설』</font>. 20년 동안 워킹우먼들을 키워온 스타강사로서, 20명의 직원을 둔 기업 CEO로서, 힘겨운 30대를 10년 먼저 겪은 선배로서, 김미경 원장이 그동안 현장에서 만난 수많은 워킹우먼들의 고민에 명쾌한 해답을 제시하였다. 저자만의 유쾌한 화법으로 불안한 청춘에게 던지는 독설과 뜨거운 응원의 메시지를 고스란히 담아냈다. </p><p>  &nbsp;  </p><p>&nbsp; ‘회사의 남자들을 내 편으로 만드는 법’, ‘똑똑한 여자의 연봉계산법’, ‘직업 객사 하지 않고 커리어에서 승리하는 법’, ‘워킹우먼들이 가난한 남자를 만나야 하는 이유’, ‘남편의 육아나이를 키우는 방법’ 등 실생활에 바로 응용할 수 있는 김미경 원장의 특유의 통찰력과 명쾌한 해답과 ‘남편의 육아 나이 키우기’, ‘남자친구에게 심플하게 답하여 긴 문자 받기’, ‘가짜 돈과 진짜 돈 구분하기’ 등 친언니가 가르쳐 줄만한 섬세한 삶의 지혜를 전한다. </p><br><p></p>\r\n','2012-11-27 06:36:45','&nbsp;애정 어린 독설로 워킹우먼들의 투지를 일깨우다!&nbsp; tvN 스타특강쇼 역대 최고 시청률을 이룬 김미경의 독한 코칭『언니의 독설』. 20년 동안 워킹우먼들을 키워온 스타강사로서, 20명의 직원을 둔 기업 CEO로서, 힘겨운 30대를 10년 먼저 겪은 선배로서, 김미경 원장이 그동안 현장에서 만난 수많은 워킹우먼들의 고민에 명쾌한 해답을 제시하였다. 저자만의 유쾌한 화법으로 불안한 청춘에게 던지는 독설과 뜨거운 응원의 메시지를 고스란히 담아냈다.&nbsp;&nbsp; ‘회사의 남자들을 내 편으로 만드는 법’, ‘똑똑한 여자의 연봉계산법’, ‘직업 객사 하지 않고 커리어에서 승리하는 법’, ‘워킹우먼들이 가난한 남자를 만나야 하는 이유’, ‘남편의 육아나이를 키우는 방법’ 등 실생활에 바로 응용할 수 있는 김미경 원장의 특유의 통찰력과 명쾌한 해답과 ‘남편의 육아 나이 키우기’, ‘남자친구에게 심플하게 답하여 긴 문자 받기’, ‘가짜 돈과 진짜 돈 구분하기’ 등 친언니가 가르쳐 줄만한 섬세한 삶의 지혜를 전한다.'),(53,6,23,'30대 추천도서- 불안','<p><p>  &nbsp;  </p><p>&nbsp;<b> 현대인이 느끼는 불안의 원인과 해법을 파헤친다! </b></p><p>&nbsp; &lt;여행의 기술&gt;, &lt;무신론자를 위한 종교&gt;의 저자 알랭 드 보통의 에세이『불안』. 이 책은 일상 속에서 우리가 겪는 다양한 불안 가운데 사회적 지위와 관련된 불안에 대해 자세하게 알아본다. 지위에 대한 불안을 끈질기게 들쑤시는 사랑결핍, 속물근성, 기대, 능력주의, 불확실성 등 모두 다섯 가지의 원인에 대해 살펴보고, 철학과 예술, 정치, 기독교, 보헤미아 등 불안을 떨칠 수 있는 다섯 가지 해법을 제시한다. 저자는 지위에 대한 불안의 성숙한 해결책은 우리가 다양한 사람들로부터 지위를 인정받을 수 있다는 사실을 인식하는 데서 시작한다고 이야기한다. 누구로부터 인정받기를 원하느냐 하는 것은 우리의 의지에 따른 자유로운 선택이라는 것을 일깨워주며, 다각적인 분석과 심오한 통찰력을 바탕으로 불안으로부터 벗어날 수 있도록 도와준다. </p><br></p>','2012-11-26 12:44:41','&nbsp;&nbsp;현대인이 느끼는 불안의 원인과 해법을 파헤친다!&nbsp; &lt;여행의 기술&gt;, &lt;무신론자를 위한 종교&gt;의 저자 알랭 드 보통의 에세이『불안』. 이 책은 일상 속에서 우리가 겪는 다양한 불안 가운데 사회적 지위와 관련된 불안에 대해 자세하게 알아본다. 지위에 대한 불안을 끈질기게 들쑤시는 사랑결핍, 속물근성, 기대, 능력주의, 불확실성 등 모두 다섯 가지의 원인에 대해 살펴보고, 철학과 예술, 정치, 기독교, 보헤미아 등 불안을 떨칠 수 있는 다섯 가지 해법을 제시한다. 저자는 지위에 대한 불안의 성숙한 해결책은 우리가 다양한 사람들로부터 지위를 인정받을 수 있다는 사실을 인식하는 데서 시작한다고 이야기한다. 누구로부터 인정받기를 원하느냐 하는 것은 우리의 의지에 따른 자유로운 선택이라는 것을 일깨워주며, 다각적인 분석과 심오한 통찰력을 바탕으로 불안으로부터 벗어날 수 있도록 도와준다.'),(54,6,24,'30대 추천도서- 여자 서른, 산이 필요해','<p></p><p><img style=\"width: 267.169px; height: 347px; cursor: nw-resize;\" src=\"http://192.168.0.149:8080/resources/upload/tmp/135393391203130age6.jpg/\"></p><p>&nbsp; <b>서른의 여자, 산으로 삶을 보듬다! </b></p><p>&nbsp; 등산을 통해 삶에서 행복을 발견한 한 여성의 고백을 담은 여행서 <font color=\"#e36c09\">『여자 서른 산이 필요해』</font>. 저자 이송희는 산으로 가는 것은 세상을 떠도는 인간의 언어로부터 격리되는 것이라고 말한다. 이 책에는 서른을 넘기면서 등산을 통해 산과 친해지며 마음의 상처를 어루만져 온 한 여성의 이야기가 담겨 있다. 서울에 흩어져 있는 산들에 대한 정보를 수록하여 마음의 활력을 회복하는 길로 안내한다. 산을 오르며 느낀 내용뿐 아니라 저자가 직접 간 루트가 표시된 지도와 가는 방법, 소요시간, 연계산행, 기타루트까지 상세하게 나와 있어 유용한 지침이 되어줄 것이다. </p><br><p></p>\r\n','2012-11-27 06:36:26','&nbsp;서른의 여자, 산으로 삶을 보듬다!&nbsp; 등산을 통해 삶에서 행복을 발견한 한 여성의 고백을 담은 여행서『여자 서른 산이 필요해』. 저자 이송희는 산으로 가는 것은 세상을 떠도는 인간의 언어로부터 격리되는 것이라고 말한다. 이 책에는 서른을 넘기면서 등산을 통해 산과 친해지며 마음의 상처를 어루만져 온 한 여성의 이야기가 담겨 있다. 서울에 흩어져 있는 산들에 대한 정보를 수록하여 마음의 활력을 회복하는 길로 안내한다. 산을 오르며 느낀 내용뿐 아니라 저자가 직접 간 루트가 표시된 지도와 가는 방법, 소요시간, 연계산행, 기타루트까지 상세하게 나와 있어 유용한 지침이 되어줄 것이다.'),(55,6,25,'30대 추천도서- 서른과 마흔 사이','<p><img style=\"cursor: nw-resize; width: 248.82px; height: 354px;\" src=\"http://192.168.0.149:8080/resources/upload/tmp/135393394414730age7.jpg/\"></p><p></p><p>&nbsp;<b> 30대를 후회없이 맞이하고 보내자! </b><br></p><p>&nbsp; 일본 젊은 비즈니스맨에게 가장 사랑받는 리더십 전문가 오구라 히로시의 <font color=\"#e36c09\"><span style=\"color: #e36c09;\"><span style=\"color: #92cddc;\">『서른과 마흔 사이』</span></span></font>. 모든 성공은 서른과 마흔 사이에서 완성됨을 일깨워주면서, 30대에 이루지 못하면 평생 후회하는 70가지를 소개하고 있다. 3만 명에 이르는 20대에서 40대까지의 프로페셔널한 비즈니스맨을 만나 그들의 성공 노하우를 정리한 것이다. 배움의 시절인 20대를 지나 본격적으로 인생이 펼쳐지는 30대를 후회없이 맞이하고 보내는 명쾌한 준비와 전략, 그리고 해답을 얻게 된다. 특히 스스로가 인생의 주체로서 모든 고난과 시련을 당당하게 헤쳐 나가는 프로페셔널을 완성하도록 인도하고 있다. </p><p>  &nbsp;  </p><br><p></p>\r\n','2012-11-27 06:36:06','&nbsp;30대를 후회없이 맞이하고 보내자!&nbsp; 일본 젊은 비즈니스맨에게 가장 사랑받는 리더십 전문가 오구라 히로시의『서른과 마흔 사이』. 모든 성공은 서른과 마흔 사이에서 완성됨을 일깨워주면서, 30대에 이루지 못하면 평생 후회하는 70가지를 소개하고 있다. 3만 명에 이르는 20대에서 40대까지의 프로페셔널한 비즈니스맨을 만나 그들의 성공 노하우를 정리한 것이다. 배움의 시절인 20대를 지나 본격적으로 인생이 펼쳐지는 30대를 후회없이 맞이하고 보내는 명쾌한 준비와 전략, 그리고 해답을 얻게 된다. 특히 스스로가 인생의 주체로서 모든 고난과 시련을 당당하게 헤쳐 나가는 프로페셔널을 완성하도록 인도하고 있다.&nbsp;'),(56,6,26,' 30대 추천도서- 세상의 바보들에게 웃으면서 화내는 방법','<p><img style=\"width: 249.694px; height: 388px; cursor: nw-resize;\" src=\"http://192.168.0.149:8080/resources/upload/tmp/135393400191730age8.jpg/\"></p><p></p><p><b>&nbsp; 움베르토 에코 마니아를 위한 세계 최초의 기획 저작집 </b></p><p>  &nbsp;  </p><p><font color=\"#e36c09\">『움베르토 에코 마니아 컬렉션』</font>은 에코의 소설과 동화책을 제외한 철학, 기호학, 문학 이론, 문화 비평, 칼럼 등 50여 년 동안 출간한 대부분의 저서를 담았다. 이 저작집에는 이탈리아와 미국 곳곳을 끈질기게 추적하여, 이탈리아 현지에서도 절판되어 구할 수 없었던 저서까지도 되살려냈다.</p><p>우리 시대에 가장 영향력 있는 사상가라고 해도 지나치지 않을 움베르토 에코는 24세 때부터 저술 작업을 시작해 77세인 현재까지도 글쓰기를 멈추지 않는 열정적인 작가이다. 그의 대표작 「장미의 이름」은 40여 개국 이상의 언어로 번역되어 전 세계 30여 개 대학교에서 명예박사 학위를 받았고, 하버드 대학교와 캐임브리지 대학교에서 강연을 하는 등 학계에서도 인정받는 학자이다.</p><p>제15권 &lt;세상의 바보들에게 웃으면서 화내는 방법&gt;은 웃음의 코드로 풀어가는 비평 에세이다. 에코는 이 책에서 유머 작가가 되고 상대방의 얼을 빼는 논객이 되고 썰렁한 웃음도 마다 않는 익살꾼이 되어 우리가 사는 삶의 실상과 빠른 변화의 시기에 상처받지 않고 살기 위한 처세법을 유쾌하게 이야기한다.</p><br><p></p>\r\n','2012-11-27 06:35:53','&nbsp; 움베르토 에코 마니아를 위한 세계 최초의 기획 저작집&nbsp;『움베르토 에코 마니아 컬렉션』은 에코의 소설과 동화책을 제외한 철학, 기호학, 문학 이론, 문화 비평, 칼럼 등 50여 년 동안 출간한 대부분의 저서를 담았다. 이 저작집에는 이탈리아와 미국 곳곳을 끈질기게 추적하여, 이탈리아 현지에서도 절판되어 구할 수 없었던 저서까지도 되살려냈다.우리 시대에 가장 영향력 있는 사상가라고 해도 지나치지 않을 움베르토 에코는 24세 때부터 저술 작업을 시작해 77세인 현재까지도 글쓰기를 멈추지 않는 열정적인 작가이다. 그의 대표작 「장미의 이름」은 40여 개국 이상의 언어로 번역되어 전 세계 30여 개 대학교에서 명예박사 학위를 받았고, 하버드 대학교와 캐임브리지 대학교에서 강연을 하는 등 학계에서도 인정받는 학자이다.제15권 &lt;세상의 바보들에게 웃으면서 화내는 방법&gt;은 웃음의 코드로 풀어가는 비평 에세이다. 에코는 이 책에서 유머 작가가 되고 상대방의 얼을 빼는 논객이 되고 썰렁한 웃음도 마다 않는 익살꾼이 되어 우리가 사는 삶의 실상과 빠른 변화의 시기에 상처받지 않고 살기 위한 처세법을 유쾌하게 이야기한다.'),(57,7,13,'SK텔레콤, 5~7만원에 피처폰 판매','<p><p>SK텔레콤이 스마트폰에 밀려 구하기 쉽지 않은 일반폰(피처폰)을 저렴하게 판매한다.<br><br>SK텔레콤은 공식 인터넷 쇼핑몰 `T월드샵`에서 5만~7만원에 삼성전자와 LG전자 피처폰을 판매하고 있다.</p>\n<p>..............................</p>\n<p>SK텔레콤은 피처폰 사용을 원하는 알뜰족을 비롯해 기기변경과 번호이동 고객을 위해 상품 판매를 시작했다.<br><br>연초 출시된 LG전자 `와인 샤베트`는 7만원, 지난해 출시된 삼성전자 `와이즈 모던(A240S)`는 5만원이다. 이들 제품은</p>\n<p>24개월 약정 제품이며 표준요금제로 가입하면 월 평균 총 납부 금액이 1만4000원~1만5000원 수준이다.<br><br>LG전자 와인샤베트폰은 대화형 문자 방식을 채택, 스마트폰처럼 한눈에 상대방과 대화한 내용을 볼 수 있다. 3인치 디스플레이며</p>\n<p>200만 화소 카메라에 FM라디오, 블루투스 등이 탑재됐다.<br><br><br></p>\n<p>* 출처 :<a href=\"http://www.etnews.com/news/home_mobile/information/2675187_1483.html\">http://www.etnews.com/news/home_mobile/information/2675187_1483.html</a></p>\n<br></p>\n','2012-12-05 05:38:03','SK텔레콤이 스마트폰에 밀려 구하기 쉽지 않은 일반폰(피처폰)을 저렴하게 판매한다.SK텔레콤은 공식 인터넷 쇼핑몰 `T월드샵`에서 5만~7만원에 삼성전자와 LG전자 피처폰을 판매하고 있다...............................SK텔레콤은 피처폰 사용을 원하는 알뜰족을 비롯해 기기변경과 번호이동 고객을 위해 상품 판매를 시작했다.연초 출시된 LG전자 `와인 샤베트`는 7만원, 지난해 출시된 삼성전자 `와이즈 모던(A240S)`는 5만원이다. 이들 제품은24개월 약정 제품이며 표준요금제로 가입하면 월 평균 총 납부 금액이 1만4000원~1만5000원 수준이다.LG전자 와인샤베트폰은 대화형 문자 방식을 채택, 스마트폰처럼 한눈에 상대방과 대화한 내용을 볼 수 있다. 3인치 디스플레이며200만 화소 카메라에 FM라디오, 블루투스 등이 탑재됐다.* 출처 :http://www.etnews.com/news/home_mobile/information/2675187_1483.html'),(58,6,27,'30대 추천도서 - 적의 화장법','<p><img src=\"http://192.168.0.149:8080/resources/upload/tmp/135393404973830age9.jpg/\"></p><p><p>&nbsp; \'적의 화장법\'이라는 이 의미심장한 제목은 어쩌면 지겨운 또 한번의 비유를 담고 있는지도 모른다. 책 뒷면의 저자 사진은 작가보다는 배우에 가까왔기에 이 빨간 표지의 강렬한 책은 읽히기도 전에 일종의 \'적\'처럼 다가올 수 있다.</p><p>  &nbsp;  </p><p>&nbsp; 백 오십여 페이지의 길지 않은 이 책은 대화로 채워져있다. 공항에서 책을 읽으려는 제롬 앙귀스트에게 어느 순간 알 수 없는 인물 텍스토르 텍셀이 말을 걸어온다. 피하려 하지만 지겹게 달라붙는 그 타자 텍스토르는 결국 그 강렬한 대화를 통해 제롬에게서 원하는 것을 얻는다. 누구의 승리일까. </p><p>  &nbsp;  </p><p>&nbsp; 냉소 가득한 이 대화를 끌어가는 기술이 대단하다. 하지만 그녀의 이 아이러니컬한 냉소는 단지 그녀의 심정적 강렬함을 포장하는 수단일 뿐, 그 안에 담겨진 이 책의 정서라는 것은 책표지만큼이나 뜨겁고 또 빨갛다.</p><br></p>','2012-11-26 12:47:47','&nbsp; \'적의 화장법\'이라는 이 의미심장한 제목은 어쩌면 지겨운 또 한번의 비유를 담고 있는지도 모른다. 책 뒷면의 저자 사진은 작가보다는 배우에 가까왔기에 이 빨간 표지의 강렬한 책은 읽히기도 전에 일종의 \'적\'처럼 다가올 수 있다.&nbsp;&nbsp; 백 오십여 페이지의 길지 않은 이 책은 대화로 채워져있다. 공항에서 책을 읽으려는 제롬 앙귀스트에게 어느 순간 알 수 없는 인물 텍스토르 텍셀이 말을 걸어온다. 피하려 하지만 지겹게 달라붙는 그 타자 텍스토르는 결국 그 강렬한 대화를 통해 제롬에게서 원하는 것을 얻는다. 누구의 승리일까.&nbsp;&nbsp; 냉소 가득한 이 대화를 끌어가는 기술이 대단하다. 하지만 그녀의 이 아이러니컬한 냉소는 단지 그녀의 심정적 강렬함을 포장하는 수단일 뿐, 그 안에 담겨진 이 책의 정서라는 것은 책표지만큼이나 뜨겁고 또 빨갛다.'),(59,6,28,'30대 추천도서 - 뒷모습','<p><img src=\"http://192.168.0.149:8080/resources/upload/tmp/135393408547330age10.jpg/\"></p><p><p>&nbsp; 현존 프랑스 최고의 작가 중 하나인 미셸 투르니에가 사진작가 에두아르 부바의 사진 작품에 글을 붙였다. \'뒷모습\'이라는 독특한 소재에서 인간과 인생, 사회, 사랑과 우정, 관습, 신앙 등 인간과 우주에 대한 깊이있는 생각을 유도해내는 투르니예의 철학적 시선과 오래가는 여운을 남기는 문체가 흑백 이미지의 사진과 함께 매혹적으로 어우러지고 있다.</p><br></p>','2012-11-26 12:48:14','&nbsp; 현존 프랑스 최고의 작가 중 하나인 미셸 투르니에가 사진작가 에두아르 부바의 사진 작품에 글을 붙였다. \'뒷모습\'이라는 독특한 소재에서 인간과 인생, 사회, 사랑과 우정, 관습, 신앙 등 인간과 우주에 대한 깊이있는 생각을 유도해내는 투르니예의 철학적 시선과 오래가는 여운을 남기는 문체가 흑백 이미지의 사진과 함께 매혹적으로 어우러지고 있다.'),(60,7,14,'윈도우에 Virtualbox에서 Ubuntu 설치 및 공유 폴더 설정','<p><p>Virtualbox에 Ubuntu를 설치하고 간단히 공유폴더를 사용하는 방법을 설명하겠습니다.</p><p>&nbsp;삼바서버를 이용하여 공유폴더를 만드는 방법이 있고, Virtualbox에서 제공하는 공유폴더 기능을 사용하여 추가하는 방법이 있습니다. 이중 공유폴더를 이용한 방법을 소개하겠습니다.</p><p>윈도우용 Virtualbox 다운로드는 아래 사이트에서 하시면 됩니다.</p><p>&nbsp; &nbsp;<a href=\"https://www.virtualbox.org/wiki/Downloads\">https://www.virtualbox.org/wiki/Downloads</a></p><p>Virtualbox 설치 방법은 간단하니 그냥 넘기고, Virtualbox 새로운 머신 추가는 간단하게 설명하겠습니다.</p><p><b><span>새로운 정보 추가</span></b></p><p>&nbsp;Virtualbox에서 New 버튼을 클릭하고, 이름과 OS를 선택하시면 됩니다. OS는 Linux, Version는 Ubuntu 64bit로 선택 했습니다. Ubuntu 버전은 ubuntu.com에서 다운로드 받을 수 있습니다.</p><p><span><img src=\"http://cfile2.uf.tistory.com/image/1316AF4C4FE4A722332EA6\" height=\"412\" width=\"598\"></span></p><p>설정이 완료된 화면입니다. 메모리 2048 MB, 용량은 12.00 GB로 설정했습니다.</p><p><span><img src=\"http://cfile9.uf.tistory.com/image/112F904C4FE4A72225AACE\" height=\"412\" width=\"598\"></span></p><p>추가된 가상머신에 대한 설정을 몇가지 더 하였습니다.</p><p>시스템에서 기본설정된 Floppy를 제거하고, Network를 활성화 버튼을 클릭&nbsp;했습니다. 그외 기능은 필요한 설정을 해주시면 됩니다.</p><p><span><img src=\"http://cfile24.uf.tistory.com/image/135BC14C4FE4A7220956F6\" height=\"490\" width=\"661\"></span></p><p>저장소를 선택하고, IDE Controller 부분에 다운받은 iso 파일을 추가해주어야 합니다.</p><p>Empty를 클릭하고 다운 받은 iso 선택하시고, 하단의 확인 버튼을 클릭하시면 됩니다.</p><p><span><img src=\"http://cfile23.uf.tistory.com/image/201DB64C4FE4A7222F66FC\" height=\"490\" width=\"661\"></span></p><p><b><span>Ubuntu 설치</span></b></p><p>&nbsp;가상머신을 실행하면 아래와 같은 화면이 보이게 됩니다. 언어 선택하시면 됩니다. 저는 영어버전으로 설치하고, 영어버전에 맞는 한글 키보드 설정을 살펴보겠습니다.</p><p><span><img src=\"http://cfile1.uf.tistory.com/image/15439D4C4FE4A723169D95\" height=\"587\" width=\"720\"></span></p><p>&nbsp;다운로드 업데이트와 third-party 소프트웨어를 선택하시고 설치하셔도 됩니다. 기본 적으로 업데이트 다운로드는 체크해주고 설치하시면 최신버전의 OS가 설치되게 됩니다.</p><p><span><img src=\"http://cfile23.uf.tistory.com/image/1931EA4C4FE4A724229E86\" height=\"587\" width=\"720\"></span></p><p>파티션 선택은 기본 값으로 설치하셔도 됩니다. 기본 값으로 설치하게 되면 자동으로 스왑 메모리와 파티션이 설치됩니다.</p><p>Something else 을 선택하면 사용자 파티션을 설정할 수 있습니다.</p><p><span><img src=\"http://cfile22.uf.tistory.com/image/151B3B4C4FE4A7252C74C3\" height=\"587\" width=\"720\"></span></p><p>&nbsp;저는 스왑 메모리를 설정하지 않고, 모든 용량을 Ext4 파티션으로 설정하였습니다. 메모리가 작다면 1.5~2배의 SWAP 메모리를 선택하시면 됩니다.</p><p>&nbsp;마운트 포인트는 / 를 선택했습니다. 폴더 별로 마안트 포인트를 추가 할 수 있습니다. 가장 기본 적으로 /home 폴더와 / 폴더를 구분하기도 합니다.</p><p><span><img src=\"http://cfile22.uf.tistory.com/image/143427404FE4A7270EA8F5\" height=\"587\" width=\"720\"></span></p><p>추가된 파티션</p><p><span><img src=\"http://cfile30.uf.tistory.com/image/141AC7404FE4A7281E3165\" height=\"587\" width=\"720\"></span></p><p>설치 진행중입니다. 몇가지 추가 설정만 더 하면 설치가 완료 됩니다. 위치 선택은 자동으로 Seoul로 잡혀있습니다.</p><p><span><img src=\"http://cfile29.uf.tistory.com/image/1713CC404FE4A72924519D\" height=\"587\" width=\"720\"></span></p><p>&nbsp;키보드는 Korean - Korean-korean(101/104) 를 선택하시고 설치하시면 됩니다. 이렇게 설정한다고 해서 우분투 설치가 완료 된 후에 한글 키보드가 바로 적용되지는 않습니다. 일단 키보드 레이아웃만 선택 하시면 됩니다.</p><p><span><img src=\"http://cfile25.uf.tistory.com/image/1226B9404FE4A72917691B\" height=\"587\" width=\"720\"></span></p><p>&nbsp;사용자 계정 정보를 추가 하시면 됩니다. 사용자 이름, 암호를 작성하고, 자동 로그인&nbsp;선택도 가능합니다. 필요한 경우에 자동 로그인 하시면 됩니다. 비밀번호는 8자리 이상의 특수문자가 포함된 비밀번호이어야 합니다.</p><p><span><img src=\"http://cfile25.uf.tistory.com/image/142CD0404FE4A72B14D92D\" height=\"587\" width=\"720\"></span></p><p>설치 진행 중....</p><p>설치가 완료되면 재부팅 하시면 됩니다.</p><p><span><img src=\"http://cfile10.uf.tistory.com/image/112DE6404FE4A72C12C7E9\" height=\"587\" width=\"720\"></span></p><p>부팅 중...</p><p><span><img src=\"http://cfile8.uf.tistory.com/image/1513A7454FE4A72E29C922\" height=\"554\" width=\"650\"></span></p><p>자동로그인 선택을 하셨다면 아래 화면은 보이지 않으실 겁니다.</p><p><span><img src=\"http://cfile6.uf.tistory.com/image/163DBB454FE4A72E109BEB\" height=\"587\" width=\"720\"></span></p><p>일단 ubuntu 설치가 완료되었습니다.</p><p><span><img src=\"http://cfile29.uf.tistory.com/image/1152D2454FE4A730065C3A\" height=\"587\" width=\"720\"></span></p><p>Virtualbox에서 제공하는 드라이버를 설치해야 합니다. 설치를 해야 그래픽, 랜 드라이브 등 필요한 모든 드라이브가 설치가 됩니다.</p><p><span><img src=\"http://cfile10.uf.tistory.com/image/1144C8454FE4A7310C005B\" height=\"169\" width=\"272\"></span></p><p>자동 실행 되지 않을 경우에는 폴더에서 VBXADDITIONS를 선택하시고, Open Autorun Prompt를 선택하시면 됩니다.</p><p><span><img src=\"http://cfile2.uf.tistory.com/image/162109454FE4A732245E0E\" height=\"365\" width=\"720\"></span></p><p>필요한 추가 인스톨이 실행이 됩니다. 가운데 묻는 질문이 있으면 yes를 하셔야 합니다.</p><p>설치 완료 후 재부팅 하시면 됩니다.</p><p><span><img src=\"http://cfile1.uf.tistory.com/image/1352F0454FE4A7320642F1\" height=\"313\" width=\"720\"></span></p><p>한글 키보드를 사용하기 위해서 한글 언어팩을 설치해야 합니다.</p><p>&nbsp;시스템 설정으로 접속하고, 언어 지원 탭으로 접속합니다. 2. 번 부분의 Install/Remove Languages...를 선택합니다. 그리고 Korean을 체크하시고 적용을 하시면 됩니다. 언어팩 설치가 완료됩니다.</p><p>&nbsp;그리고 Keboard input method system 부분에 none가 설정되어 있습니다. none 를 선택하고 iBus를 선택합니다. nabi는 별도루 추가 설치하신 후 사용하시면 됩니다. 이 부분에 설정을 하지 않으면 재부팅 할때 마다 iBus가 자동으로 실행 되지 않으니 주의하세요.</p><p><span><img src=\"http://cfile3.uf.tistory.com/image/19366E454FE4A732140556\" height=\"545\" width=\"720\"></span></p><p>키보드 설정을 해주어야 합니다. &nbsp;윈도우 키를 누르고 검색에 keyboard layout를 입력하시면 됩니다. ibus로 검색하셔도 됩니다.</p><p>두번째 탭으로 이동하여 한글 키보드를 추가하여야 합니다. 기본 키보드는 영어 키보드입니다. 아래와 같이 한글을 선택하고, Add 번튼을 선택하시면 됩니다.</p><p>&nbsp;언어팩 설치와 키보드 설정이 완료되었습니다.</p><p><span><img src=\"http://cfile9.uf.tistory.com/image/1846D23D4FE4A73303955D\" height=\"587\" width=\"462\"></span></p><p><b>공유폴더 설정</b></p><p>&nbsp;공유폴더 설정은 Virtualbox 기기 메뉴에서 공유폴더 를 선택합니다.</p><p><span><img src=\"http://cfile7.uf.tistory.com/image/1447AB3D4FE4A73305FF40\" height=\"165\" width=\"271\"></span></p><p>설정창이 보이게 되고 + 버튼을 클릭하면 됩니다.</p><p>읽기 전용, 자동 마운트, 항상 불러오기 메뉴가 있습니다.</p><p><span><img src=\"http://cfile21.uf.tistory.com/image/1347313D4FE4A733051213\" height=\"490\" width=\"661\"></span></p><p>경로와 폴더 이름을 선택해주고, 항상 불러오기 를 체크합니다.</p><p>공유 폴더 이름은 영어로 작성해주시고 가능하면 뛰어쓰기 없이 작성하세요! 마운트를 할 때 필요한 이름입니다.</p><p><span><img src=\"http://cfile1.uf.tistory.com/image/1949183D4FE4A7340324F0\" height=\"243\" width=\"321\"></span></p><p>이제 Ubuntu에서 Virtualbox에서 설정한 공유폴더를 항상 마운트 시키는 방법을 살펴보겠습니다.</p><p>저는 편의상 / 폴더 아래 media 폴더에 새로운 폴더를 생성하였습니다. 폴더이름은 vboxshared_Downloads 로 작성했습니다. _ 뒤에 있는 이름은 Folder Name에 작성한 이름을 사용하였습니다.</p><p><span><img src=\"http://cfile21.uf.tistory.com/image/1549323D4FE4A7340333B7\" height=\"191\" width=\"720\"></span></p><p>이제 자동 마운트를 위해서 명령어를 추가합니다.</p><p>터미널을 열고 아래 명령어를 입력하시면 됩니다. 인터넷상에 돌아다니는 다양한 마운트 방법이 있지만 아래 방법이 가장 잘 되는것 같아 작성합니다.</p><p>&nbsp;참고로 Ubuntu에는 기본적으로 vi가 설치되어 있으니 vim을 추가 설치하시면 됩니다. 설치 방법은 sudo apt-get install vim 입니다.</p><p>아래의 2개 명령 중 하나를 선택하여 사용하시면 됩니다. 마우스가 편하시다면 gedit로 시작하는 명령을 사용하시면 됩니다.</p><p></p><div><div><a href=\"http://thdev.net/237#\">?</a><p></p><table><tbody><tr><td><p>1</p><p>2</p></td><td><p></p><div><code>sudo vi /etc/init.d/rc.local</code><p></p><p><code>sudo gedit /etc/init.d/rc.local</code></p></div></td></tr></tbody></table></div></div><p><span><img src=\"http://cfile27.uf.tistory.com/image/1346E33D4FE4A73405DD50\" height=\"56\" width=\"519\"></span></p><p>rc.local 이 실행 되면 아래와 같은 명령어를 작성해 주어야 합니다.</p><p>단순히 하는 방법도 있지만 권환 문제가 발생합니다. 권환 문제가 발생하는 명령어는 아래와 같습니다.</p><p>&nbsp;여기서 말하는 권환 문제는 읽기 전용으로 마운트 되게 됩니다. 권환을 확인해보면 사용자아이디/사용자 아이디가 아닌 root/root로 생성이 됩니다. root 관리자만이 해당 공유폴더를 수정 할 수 있다는 말이 됩니다.</p><p></p><div><div><a href=\"http://thdev.net/237#\">?</a><p></p><table><tbody><tr><td><p>1</p></td><td><p></p><div><code>mount -t vboxsf Downloads /media/vboxShared_Downloads</code><p></p></div></td></tr></tbody></table></div></div><p>아래 명령에는 사용자 id와 그룹 id를 추가해주었기에 권환 문제가 사라지게 됩니다.</p><p>아래 명령어 중&nbsp;vboxsf 는 Virtualbox에서 제공하는 공유폴더로 접근하는 명령어 이고,</p><p>Downlaods 는 공유폴더로 설정된 이름을 말합니다. 만약 공유폴더의 이름이 AAA 라면 Downloads가 아닌 AAA로 입력해주시면 됩니다.</p><p>uid와 gid는 사용자가 1명이고 첫번째 사용자일때만 해당되는 내용입니다. 여러명의 사용자가 있고 자신의 번호와 그룹 번호가 다르다면 변경하셔야 합니다. uid와 gid를 확인하는 명령어는 간단하게 터미널에서 \" id \"라고 입력하시고, 자신의 id를 확인해주시면 됩니다.</p><p>&nbsp;아래 rc.local에 추가해두신다음에 재부팅을 하셔도 되겠지만 터미널에서 바로 입력하셔도 됩니다. 터미널에서 바로 입력하실 때에는 sudo 명령어를 추가하셔야 합니다! 마운트를 하기 위해서는 관리자 권환이 필요하기 때문입니다.</p><p></p><div><div><a href=\"http://thdev.net/237#\">?</a><p></p><table><tbody><tr><td><p>1</p></td><td><p></p><div><code>mount -t vboxsf -o uid=1000,gid=1000,dmode=0755,fmode=0755 Downloads /media/vboxShared_DownloadsK</code><p></p></div></td></tr></tbody></table></div></div><p><span><img src=\"http://cfile2.uf.tistory.com/image/19492A3D4FE4A73403D399\" height=\"458\" width=\"720\"></span></p><p>이제 생성 해둔 폴더에 대해서 심볼릭 링크를 사용하겠습니다. 필요치 않으시면 사용하지 않으셔도 됩니다.</p><p>명령어는 아래와 같습니다. 아래와 같이 심볼릭 링크가 생성되었습니다.</p><p></p><div><div><a href=\"http://thdev.net/237#\">?</a><p></p><table><tbody><tr><td><p>1</p></td><td><p></p><div><code>ln -s /media/vboxShared_Downloads/</code><p></p></div></td></tr></tbody></table></div></div><p><span><img src=\"http://cfile1.uf.tistory.com/image/1949443D4FE4A735039764\" height=\"231\" width=\"704\"></span></p><p>마운트 방법을 위와 같이 했기 때문에 권환문제가 발생하지 않아, 새로운폴더 생성, 문서 생성이 가능하게 되었습니다.</p><p><span><img src=\"http://cfile5.uf.tistory.com/image/1161B3464FE4A735010072\" height=\"556\" width=\"720\"></span></p><p><b><span>마무리</span></b></p><p>&nbsp;간단하게 우분투 설치를 하고, 공유폴더를 설정해보았습니다. 이렇게 사용하시면 윈도우와 우분투간의 파일공유가 간단하게 적용됩니다. 삼바서버를 시용하는 방법도 있으니 한번 시도해보시기 바랍니다!^^;</p><br></p>','2012-11-26 12:48:35','Virtualbox에 Ubuntu를 설치하고 간단히 공유폴더를 사용하는 방법을 설명하겠습니다.&nbsp;삼바서버를 이용하여 공유폴더를 만드는 방법이 있고, Virtualbox에서 제공하는 공유폴더 기능을 사용하여 추가하는 방법이 있습니다. 이중 공유폴더를 이용한 방법을 소개하겠습니다.윈도우용 Virtualbox 다운로드는 아래 사이트에서 하시면 됩니다.&nbsp; &nbsp;https://www.virtualbox.org/wiki/DownloadsVirtualbox 설치 방법은 간단하니 그냥 넘기고, Virtualbox 새로운 머신 추가는 간단하게 설명하겠습니다.새로운 정보 추가&nbsp;Virtualbox에서 New 버튼을 클릭하고, 이름과 OS를 선택하시면 됩니다. OS는 Linux, Version는 Ubuntu 64bit로 선택 했습니다. Ubuntu 버전은 ubuntu.com에서 다운로드 받을 수 있습니다.설정이 완료된 화면입니다. 메모리 2048 MB, 용량은 12.00 GB로 설정했습니다.추가된 가상머신에 대한 설정을 몇가지 더 하였습니다.시스템에서 기본설정된 Floppy를 제거하고, Network를 활성화 버튼을 클릭&nbsp;했습니다. 그외 기능은 필요한 설정을 해주시면 됩니다.저장소를 선택하고, IDE Controller 부분에 다운받은 iso 파일을 추가해주어야 합니다.Empty를 클릭하고 다운 받은 iso 선택하시고, 하단의 확인 버튼을 클릭하시면 됩니다.Ubuntu 설치&nbsp;가상머신을 실행하면 아래와 같은 화면이 보이게 됩니다. 언어 선택하시면 됩니다. 저는 영어버전으로 설치하고, 영어버전에 맞는 한글 키보드 설정을 살펴보겠습니다.&nbsp;다운로드 업데이트와 third-party 소프트웨어를 선택하시고 설치하셔도 됩니다. 기본 적으로 업데이트 다운로드는 체크해주고 설치하시면 최신버전의 OS가 설치되게 됩니다.파티션 선택은 기본 값으로 설치하셔도 됩니다. 기본 값으로 설치하게 되면 자동으로 스왑 메모리와 파티션이 설치됩니다.Something else 을 선택하면 사용자 파티션을 설정할 수 있습니다.&nbsp;저는 스왑 메모리를 설정하지 않고, 모든 용량을 Ext4 파티션으로 설정하였습니다. 메모리가 작다면 1.5~2배의 SWAP 메모리를 선택하시면 됩니다.&nbsp;마운트 포인트는 / 를 선택했습니다. 폴더 별로 마안트 포인트를 추가 할 수 있습니다. 가장 기본 적으로 /home 폴더와 / 폴더를 구분하기도 합니다.추가된 파티션설치 진행중입니다. 몇가지 추가 설정만 더 하면 설치가 완료 됩니다. 위치 선택은 자동으로 Seoul로 잡혀있습니다.&nbsp;키보드는 Korean - Korean-korean(101/104) 를 선택하시고 설치하시면 됩니다. 이렇게 설정한다고 해서 우분투 설치가 완료 된 후에 한글 키보드가 바로 적용되지는 않습니다. 일단 키보드 레이아웃만 선택 하시면 됩니다.&nbsp;사용자 계정 정보를 추가 하시면 됩니다. 사용자 이름, 암호를 작성하고, 자동 로그인&nbsp;선택도 가능합니다. 필요한 경우에 자동 로그인 하시면 됩니다. 비밀번호는 8자리 이상의 특수문자가 포함된 비밀번호이어야 합니다.설치 진행 중....설치가 완료되면 재부팅 하시면 됩니다.부팅 중...자동로그인 선택을 하셨다면 아래 화면은 보이지 않으실 겁니다.일단 ubuntu 설치가 완료되었습니다.Virtualbox에서 제공하는 드라이버를 설치해야 합니다. 설치를 해야 그래픽, 랜 드라이브 등 필요한 모든 드라이브가 설치가 됩니다.자동 실행 되지 않을 경우에는 폴더에서 VBXADDITIONS를 선택하시고, Open Autorun Prompt를 선택하시면 됩니다.필요한 추가 인스톨이 실행이 됩니다. 가운데 묻는 질문이 있으면 yes를 하셔야 합니다.설치 완료 후 재부팅 하시면 됩니다.한글 키보드를 사용하기 위해서 한글 언어팩을 설치해야 합니다.&nbsp;시스템 설정으로 접속하고, 언어 지원 탭으로 접속합니다. 2. 번 부분의 Install/Remove Languages...를 선택합니다. 그리고 Korean을 체크하시고 적용을 하시면 됩니다. 언어팩 설치가 완료됩니다.&nbsp;그리고 Keboard input method system 부분에 none가 설정되어 있습니다. none 를 선택하고 iBus를 선택합니다. nabi는 별도루 추가 설치하신 후 사용하시면 됩니다. 이 부분에 설정을 하지 않으면 재부팅 할때 마다 iBus가 자동으로 실행 되지 않으니 주의하세요.키보드 설정을 해주어야 합니다. &nbsp;윈도우 키를 누르고 검색에 keyboard layout를 입력하시면 됩니다. ibus로 검색하셔도 됩니다.두번째 탭으로 이동하여 한글 키보드를 추가하여야 합니다. 기본 키보드는 영어 키보드입니다. 아래와 같이 한글을 선택하고, Add 번튼을 선택하시면 됩니다.&nbsp;언어팩 설치와 키보드 설정이 완료되었습니다.공유폴더 설정&nbsp;공유폴더 설정은 Virtualbox 기기 메뉴에서 공유폴더 를 선택합니다.설정창이 보이게 되고 + 버튼을 클릭하면 됩니다.읽기 전용, 자동 마운트, 항상 불러오기 메뉴가 있습니다.경로와 폴더 이름을 선택해주고, 항상 불러오기 를 체크합니다.공유 폴더 이름은 영어로 작성해주시고 가능하면 뛰어쓰기 없이 작성하세요! 마운트를 할 때 필요한 이름입니다.이제 Ubuntu에서 Virtualbox에서 설정한 공유폴더를 항상 마운트 시키는 방법을 살펴보겠습니다.저는 편의상 / 폴더 아래 media 폴더에 새로운 폴더를 생성하였습니다. 폴더이름은 vboxshared_Downloads 로 작성했습니다. _ 뒤에 있는 이름은 Folder Name에 작성한 이름을 사용하였습니다.이제 자동 마운트를 위해서 명령어를 추가합니다.터미널을 열고 아래 명령어를 입력하시면 됩니다. 인터넷상에 돌아다니는 다양한 마운트 방법이 있지만 아래 방법이 가장 잘 되는것 같아 작성합니다.&nbsp;참고로 Ubuntu에는 기본적으로 vi가 설치되어 있으니 vim을 추가 설치하시면 됩니다. 설치 방법은 sudo apt-get install vim 입니다.아래의 2개 명령 중 하나를 선택하여 사용하시면 됩니다. 마우스가 편하시다면 gedit로 시작하는 명령을 사용하시면 됩니다.?12sudo vi /etc/init.d/rc.localsudo gedit /etc/init.d/rc.localrc.local 이 실행 되면 아래와 같은 명령어를 작성해 주어야 합니다.단순히 하는 방법도 있지만 권환 문제가 발생합니다. 권환 문제가 발생하는 명령어는 아래와 같습니다.&nbsp;여기서 말하는 권환 문제는 읽기 전용으로 마운트 되게 됩니다. 권환을 확인해보면 사용자아이디/사용자 아이디가 아닌 root/root로 생성이 됩니다. root 관리자만이 해당 공유폴더를 수정 할 수 있다는 말이 됩니다.?1mount -t vboxsf Downloads /media/vboxShared_Downloads아래 명령에는 사용자 id와 그룹 id를 추가해주었기에 권환 문제가 사라지게 됩니다.아래 명령어 중&nbsp;vboxsf 는 Virtualbox에서 제공하는 공유폴더로 접근하는 명령어 이고,Downlaods 는 공유폴더로 설정된 이름을 말합니다. 만약 공유폴더의 이름이 AAA 라면 Downloads가 아닌 AAA로 입력해주시면 됩니다.uid와 gid는 사용자가 1명이고 첫번째 사용자일때만 해당되는 내용입니다. 여러명의 사용자가 있고 자신의 번호와 그룹 번호가 다르다면 변경하셔야 합니다. uid와 gid를 확인하는 명령어는 간단하게 터미널에서 \" id \"라고 입력하시고, 자신의 id를 확인해주시면 됩니다.&nbsp;아래 rc.local에 추가해두신다음에 재부팅을 하셔도 되겠지만 터미널에서 바로 입력하셔도 됩니다. 터미널에서 바로 입력하실 때에는 sudo 명령어를 추가하셔야 합니다! 마운트를 하기 위해서는 관리자 권환이 필요하기 때문입니다.?1mount -t vboxsf -o uid=1000,gid=1000,dmode=0755,fmode=0755 Downloads /media/vboxShared_DownloadsK이제 생성 해둔 폴더에 대해서 심볼릭 링크를 사용하겠습니다. 필요치 않으시면 사용하지 않으셔도 됩니다.명령어는 아래와 같습니다. 아래와 같이 심볼릭 링크가 생성되었습니다.?1ln -s /media/vboxShared_Downloads/마운트 방법을 위와 같이 했기 때문에 권환문제가 발생하지 않아, 새로운폴더 생성, 문서 생성이 가능하게 되었습니다.마무리&nbsp;간단하게 우분투 설치를 하고, 공유폴더를 설정해보았습니다. 이렇게 사용하시면 윈도우와 우분투간의 파일공유가 간단하게 적용됩니다. 삼바서버를 시용하는 방법도 있으니 한번 시도해보시기 바랍니다!^^;'),(61,5,29,'20대 추천 도서 - 나같은 배우 되지마','<p></p><p><img style=\"width: 258.02px; height: 379px; cursor: nw-resize;\" src=\"http://192.168.0.149:8080/resources/upload/tmp/135393411847720age9.jpg/\"></p><p><b>&nbsp; 인내와 열정으로 성장한 배우 류승수, 막연한 동경만으로 가려진 배우의 삶의 뒤에 가려진 진짜 인생을 이야기하다! </b></p><p>&nbsp; 열정적이 배우 류승수의 일상과 인생을 담아낸 에세이 <font color=\"#e36c09\">『나 같은 배우 되지마』</font>. 배우라는 화려한 직업 속에 가려진 그들의 진짜 인생은 어떤 것일까? 배우 류승수는 인내와 열정 시행착오와 자기점검을 통해 진정한 배우로 거듭난 자신의 이야기를 담담하게 들려준다. 특히 ‘배우’를 ‘스타’와 혼동하거나 막연하게 환상을 가지고 배우를 바라보는 이들에게 우리나라에서 배우로 살아간다는 것이 어떤 일인지 진솔하게 전한다. </p><p>  &nbsp;  </p><p>&nbsp; 배우 류승수는 군복무를 마친 어느 날 친구의 말 한마디에 배우의 꿈을 갖게 되어 늦은 나이 서울예술대학 연극과에 입학했다. 그는 방송국 공채에 일곱 번이나 도전했지만, 모두 실패하고 연기에 소질이 없다는 말까지 들었지만 오로지 배우가 되기 위기 달렸다. 그 후 &lt;신장개업&gt;, &lt;세이 예스&gt;의 단역을 거쳐 &lt;달마야 놀자&gt;, &lt;놈놈놈&gt;, &lt;겨울연가&gt;, &lt;종합병원2&gt; 등의 작품을 거쳐 우리에게 익숙한 배우가 되었다. </p><p>  &nbsp;  </p><p>&nbsp; 이 책은 오랜 시간을 배우로 살아오며 류승수가 겪었던 에피소드를 총 4장으로 나누어 담고 있다. 1~3장까지는 각 장의 에피소드마다 그가 출연했던 작품에 대한 정보와 영화를 찍으며 그가 겪었던 일들을 소개한다. 마지막으로 4장에서는 배우를 희망하는 이들에게 오랜 시간 배우로 살아오면서 류승수가 겪은 현장 경험과 지식을 전한다. 이 책이 속한 분야</p><p>  &nbsp;  </p><br><p></p>\r\n','2012-11-27 06:35:36','&nbsp; 인내와 열정으로 성장한 배우 류승수, 막연한 동경만으로 가려진 배우의 삶의 뒤에 가려진 진짜 인생을 이야기하다!&nbsp; 열정적이 배우 류승수의 일상과 인생을 담아낸 에세이『나 같은 배우 되지마』. 배우라는 화려한 직업 속에 가려진 그들의 진짜 인생은 어떤 것일까? 배우 류승수는 인내와 열정 시행착오와 자기점검을 통해 진정한 배우로 거듭난 자신의 이야기를 담담하게 들려준다. 특히 ‘배우’를 ‘스타’와 혼동하거나 막연하게 환상을 가지고 배우를 바라보는 이들에게 우리나라에서 배우로 살아간다는 것이 어떤 일인지 진솔하게 전한다.&nbsp;&nbsp; 배우 류승수는 군복무를 마친 어느 날 친구의 말 한마디에 배우의 꿈을 갖게 되어 늦은 나이 서울예술대학 연극과에 입학했다. 그는 방송국 공채에 일곱 번이나 도전했지만, 모두 실패하고 연기에 소질이 없다는 말까지 들었지만 오로지 배우가 되기 위기 달렸다. 그 후 &lt;신장개업&gt;, &lt;세이 예스&gt;의 단역을 거쳐 &lt;달마야 놀자&gt;, &lt;놈놈놈&gt;, &lt;겨울연가&gt;, &lt;종합병원2&gt; 등의 작품을 거쳐 우리에게 익숙한 배우가 되었다.&nbsp;&nbsp; 이 책은 오랜 시간을 배우로 살아오며 류승수가 겪었던 에피소드를 총 4장으로 나누어 담고 있다. 1~3장까지는 각 장의 에피소드마다 그가 출연했던 작품에 대한 정보와 영화를 찍으며 그가 겪었던 일들을 소개한다. 마지막으로 4장에서는 배우를 희망하는 이들에게 오랜 시간 배우로 살아오면서 류승수가 겪은 현장 경험과 지식을 전한다. 이 책이 속한 분야&nbsp;'),(62,5,30,'20대 추천 도서 - 아프니까 청춘이다.','<p><img style=\"width: 238.977px; height: 337px; cursor: nw-resize;\" src=\"http://192.168.0.149:8080/resources/upload/tmp/135393415879020age10.jpg/\"></p>\n<p></p>\n<p>&nbsp;<b> 인생의 홀로서기를 시작하는 청춘을 위한 김난도 교수의 따뜻한 멘토링! </b></p>\n<p><br></p>\n<br><p></p>\n\r\n','2012-11-27 09:59:46','&nbsp;인생의 홀로서기를 시작하는 청춘을 위한 김난도 교수의 따뜻한 멘토링!'),(63,7,15,'책을 읽어보자!!!','@@a12345/29/1##<br><br>올해 가기 전에 책을 읽어봅시다.<br>','2012-11-26 12:51:31','@@a12345/29/1##올해 가기 전에 책을 읽어봅시다.'),(64,11,7,'mysql dump','<p><pre><strong>backup:</strong> # mysqldump -u root -p[root_password] [database_name] &gt; filename.sql\r\n\r\n<strong>restore:</strong># mysql -u root -p[root_password] [database_name] &lt; filename.sql</pre><br></p>','2012-11-26 14:34:13','backup:# mysqldump -u root -p[root_password] [database_name] &gt; filename.sqlrestore:# mysql -u root -p[root_password] [database_name] &lt; filename.sql'),(65,11,8,'트랙백날립니다.','<p>굿럭~</p>\n\r\n','2012-12-05 05:40:02','굿럭~'),(67,3,32,'달려 달려~~~~','<p><img style=\"\" src=\"http://192.168.0.149:8080/resources/upload/tmp/1353997715251sample4.jpg/\"></p>\n<p>한잔할까?..<br></p>\n','2012-11-27 06:28:52','한잔할까?..'),(68,3,33,'귀요미~~^^','<p><img src=\"http://192.168.0.149:8080/resources/upload/tmp/1353997759840sample14.jpg/\"></p>\n<p><br></p>\n','2012-11-27 06:29:35',''),(69,8,13,'써보고 싶다!!','@@ryukimin/12/1##<div><br></div><div>인간이 되자???</div><div><br>@@hongzzang/1/2##\r\n</div>','2012-11-27 06:48:18','@@ryukimin/12/1##인간이 되자???@@hongzzang/1/2##'),(70,3,34,'닮음꼴 동물!!','<p><img style=\"\" src=\"http://192.168.0.149:8080/resources/upload/tmp/1353997945092sample13jpg.jpg/\"></p>\n<hr>아.. 갖고 싶다..<br><p><br></p>\n<p><br></p>\n','2012-11-27 06:32:56','아.. 갖고 싶다..'),(71,13,1,'인간이 되라~~~~~~!!','<h1><span style=\"background-color: rgb(79, 129, 189);\"><b>인간이 되라~~</b>~~~~!!</span></h1><p></p>\r\n<p></p><p><br></p>\r\n<br><p></p>\r\n<p><br></p>\r\n<p><img><img><img><img><img><img><span style=\"background-color: rgb(196, 189, 151);\"><img src=\"http://192.168.0.149:8080/resources/upload/tmp/1353998072170Taco.png/\" style=\"\"></span><br></p>\r\n<hr><br>@@ryukimin/1/2##\r\n<div><br></div><div><br></div>','2012-11-27 06:36:21','인간이 되라~~~~~~!!@@ryukimin/1/2##'),(72,13,2,'ㅠㅠ','<p>ㅠㅠ</p>\n','2012-11-27 06:41:13','ㅠㅠ'),(73,13,3,'바바리안','<p>ㅂㅂ</p>\r\n','2012-11-27 06:42:09','ㅂㅂ'),(74,13,4,'ㅁㄴㅇ','<p>ㅁㄴㅇ</p>\n','2012-11-27 06:42:36','ㅁㄴㅇ'),(75,3,35,'사랑의 끝이 뾰족한 이유//...','<p><img style=\"width: 400px; height: 1274px;\" src=\"http://192.168.0.149:8080/resources/upload/tmp/1353998553100sample12.jpg/\"></p>\n<p><br></p>\n<p><br></p>\n<p>modf<br></p>\n\r\n<p><br></p>\n\r\n','2012-11-27 08:43:35','modf'),(76,3,36,'정답은 몇번일까요??','<p><img style=\"width: 442.934px; height: 619px;\" src=\"http://192.168.0.149:8080/resources/upload/tmp/1353999491923sample9.jpg/\"></p>\n<hr><font color=\"#e36c09\">난 2번 할래~!!</font><br><p><br></p>\n','2012-11-27 06:58:40','난 2번 할래~!!'),(77,8,14,'샘플','@@ryukimin/11/1##\r\n<p><br></p>\n<p>샘플</p>\n<br>@@a12345/35/2##\r\n<div><br></div><div>추가</div>','2012-11-27 08:45:00','@@ryukimin/11/1##샘플@@a12345/35/2##추가'),(78,8,15,'처음글','@@ryukimin/11/6##\r\n<div><br></div><div>버전</div><br />@@a12345/30/2##','2012-11-27 10:01:20','@@ryukimin/11/6##버전@@a12345/30/2##'),(79,11,9,'Zzz','<p>Zzz</p>\n\r\n\r\n','2012-12-05 05:40:10','Zzz');
/*!40000 ALTER TABLE `post` ENABLE KEYS */;
UNLOCK TABLES;

--
-- Table structure for table `post_metadata`
--

DROP TABLE IF EXISTS `post_metadata`;
/*!40101 SET @saved_cs_client     = @@character_set_client */;
/*!40101 SET character_set_client = utf8 */;
CREATE TABLE `post_metadata` (
  `postId` bigint(20) NOT NULL,
  `isPublic` char(5) NOT NULL,
  `isTemp` char(5) NOT NULL,
  `canComment` char(5) NOT NULL,
  `canScrap` char(5) NOT NULL,
  `canTrackback` char(5) NOT NULL,
  PRIMARY KEY (`postId`)
) ENGINE=InnoDB DEFAULT CHARSET=utf8;
/*!40101 SET character_set_client = @saved_cs_client */;

--
-- Dumping data for table `post_metadata`
--

LOCK TABLES `post_metadata` WRITE;
/*!40000 ALTER TABLE `post_metadata` DISABLE KEYS */;
INSERT INTO `post_metadata` VALUES (1,'1','0','1','1','1'),(2,'1','0','1','1','1'),(3,'1','0','1','1','1'),(4,'1','0','1','1','1'),(5,'1','0','1','1','1'),(6,'1','0','1','1','1'),(7,'1','0','1','1','1'),(8,'1','0','1','1','1'),(9,'1','0','1','1','1'),(10,'1','0','1','1','1'),(11,'1','0','1','1','1'),(12,'1','0','1','1','1'),(13,'1','0','1','1','1'),(14,'1','0','1','1','1'),(15,'1','0','1','1','1'),(16,'1','0','1','1','1'),(17,'1','0','1','1','1'),(18,'1','0','1','1','1'),(19,'1','0','1','1','1'),(20,'1','0','1','1','1'),(21,'1','0','1','1','1'),(22,'1','0','1','1','1'),(23,'1','0','1','1','1'),(24,'1','0','1','1','1'),(25,'1','0','1','1','1'),(26,'1','0','1','1','1'),(27,'1','0','1','1','1'),(28,'1','0','1','1','1'),(29,'1','0','1','1','1'),(30,'1','0','1','1','1'),(31,'1','0','1','1','1'),(32,'1','0','1','1','1'),(33,'1','0','1','1','1'),(34,'1','0','1','1','1'),(35,'1','0','1','1','1'),(36,'1','0','1','1','1'),(37,'1','0','1','1','1'),(38,'1','0','1','1','1'),(39,'1','0','1','1','1'),(40,'1','0','1','1','1'),(41,'1','0','1','1','1'),(42,'1','0','1','1','1'),(43,'1','0','1','1','1'),(44,'1','0','1','1','1'),(45,'1','0','1','1','1'),(46,'1','0','1','1','1'),(47,'1','0','1','1','1'),(48,'1','0','1','1','1'),(49,'1','0','1','1','1'),(50,'1','0','1','1','1'),(51,'1','0','1','1','1'),(52,'0','0','1','1','1'),(53,'1','0','1','1','1'),(54,'1','0','1','1','1'),(55,'1','0','1','1','1'),(56,'1','0','1','1','1'),(57,'1','0','1','1','1'),(58,'1','0','1','1','1'),(59,'1','0','1','1','1'),(60,'1','0','1','1','1'),(61,'1','0','1','1','1'),(62,'1','0','1','1','1'),(63,'1','0','1','1','1'),(64,'1','0','1','1','1'),(65,'1','0','1','1','1'),(67,'1','0','1','1','1'),(68,'1','0','1','1','1'),(69,'1','0','1','1','1'),(70,'1','0','1','1','1'),(71,'1','0','1','1','1'),(72,'1','0','1','1','1'),(73,'1','0','1','1','1'),(74,'1','0','1','1','1'),(75,'1','0','1','1','1'),(76,'1','0','1','1','1'),(77,'1','0','1','1','1'),(78,'1','0','1','1','1'),(79,'1','0','1','1','1');
/*!40000 ALTER TABLE `post_metadata` ENABLE KEYS */;
UNLOCK TABLES;

--
-- Table structure for table `post_revision`
--

DROP TABLE IF EXISTS `post_revision`;
/*!40101 SET @saved_cs_client     = @@character_set_client */;
/*!40101 SET character_set_client = utf8 */;
CREATE TABLE `post_revision` (
  `postId` bigint(20) NOT NULL,
  `displayId` bigint(20) NOT NULL,
  `diff` mediumtext,
  PRIMARY KEY (`postId`,`displayId`)
) ENGINE=InnoDB DEFAULT CHARSET=utf8;
/*!40101 SET character_set_client = @saved_cs_client */;

--
-- Dumping data for table `post_revision`
--

LOCK TABLES `post_revision` WRITE;
/*!40000 ALTER TABLE `post_revision` DISABLE KEYS */;
INSERT INTO `post_revision` VALUES (1,1,''),(1,2,''),(2,1,'--- null\n+++ null\n@@ -1,1 +1,1 @@\n-<p></p><p></p><p>배움을 넘어 삶의 주인이 되기 위해 갖춰야 할 10대들의 철학! 왜, 무엇을, 어떻게 배워야 하는지에 대해 10대들과 나눈 뜨거운 대화『10대 너의 배움에 주인이 되어라』. 이 책은 금산 간디학교, 필리핀 간디학교 교장으로 활동 중인 저자 양희규가 10대 청소년들과 나눈 고민의 기록으로, 배움에 지친 10대들에게 배움의 기쁨을 되돌려주기 위한 저자만의 해법을 고스란히 담아낸 책이다. 저자는 사람은 누구나 배우고자 하는 열정을 가지고 있다고 이야기하며, 배움에 대한 염증을 치유하기 위한 다양한 방법을 제안한다. 공부스트레스, 배움에 대한 염증, 학교생활, 공부 방법, 대학, 전공 등 22가지 주제를 바탕으로 10대들과 나눈 대화를 저자와 소년의 대화형식으로 생생하게 풀어내고, 자기 발견을 통해 꿈을 찾아 갈 수 있도록 철학적인 지식을 동원해 10대가 추구해야 하는 삶의 자세에 대해 조언한다. </p><br><p></p>\r\n+<p><p></p><p>배움을 넘어 삶의 주인이 되기 위해 갖춰야 할 10대들의 철학! 왜, 무엇을, 어떻게 배워야 하는지에 대해 10대들과 나눈 뜨거운 대화『10대 너의 배움에 주인이 되어라』. 이 책은 금산 간디학교, 필리핀 간디학교 교장으로 활동 중인 저자 양희규가 10대 청소년들과 나눈 고민의 기록으로, 배움에 지친 10대들에게 배움의 기쁨을 되돌려주기 위한 저자만의 해법을 고스란히 담아낸 책이다. 저자는 사람은 누구나 배우고자 하는 열정을 가지고 있다고 이야기하며, 배움에 대한 염증을 치유하기 위한 다양한 방법을 제안한다. 공부스트레스, 배움에 대한 염증, 학교생활, 공부 방법, 대학, 전공 등 22가지 주제를 바탕으로 10대들과 나눈 대화를 저자와 소년의 대화형식으로 생생하게 풀어내고, 자기 발견을 통해 꿈을 찾아 갈 수 있도록 철학적인 지식을 동원해 10대가 추구해야 하는 삶의 자세에 대해 조언한다. </p><br></p>\n'),(2,2,'--- null\n+++ null\n@@ -1,1 +1,1 @@\n-<p><img src=\"http://192.168.0.149:8080/resources/upload/tmp/135392857112410age1.jpg/\"></p><p></p><p></p><p>배움을 넘어 삶의 주인이 되기 위해 갖춰야 할 10대들의 철학! 왜, 무엇을, 어떻게 배워야 하는지에 대해 10대들과 나눈 뜨거운 대화『10대 너의 배움에 주인이 되어라』. 이 책은 금산 간디학교, 필리핀 간디학교 교장으로 활동 중인 저자 양희규가 10대 청소년들과 나눈 고민의 기록으로, 배움에 지친 10대들에게 배움의 기쁨을 되돌려주기 위한 저자만의 해법을 고스란히 담아낸 책이다. 저자는 사람은 누구나 배우고자 하는 열정을 가지고 있다고 이야기하며, 배움에 대한 염증을 치유하기 위한 다양한 방법을 제안한다. 공부스트레스, 배움에 대한 염증, 학교생활, 공부 방법, 대학, 전공 등 22가지 주제를 바탕으로 10대들과 나눈 대화를 저자와 소년의 대화형식으로 생생하게 풀어내고, 자기 발견을 통해 꿈을 찾아 갈 수 있도록 철학적인 지식을 동원해 10대가 추구해야 하는 삶의 자세에 대해 조언한다. </p><br><p></p>\r\n+<p></p><p></p><p>배움을 넘어 삶의 주인이 되기 위해 갖춰야 할 10대들의 철학! 왜, 무엇을, 어떻게 배워야 하는지에 대해 10대들과 나눈 뜨거운 대화『10대 너의 배움에 주인이 되어라』. 이 책은 금산 간디학교, 필리핀 간디학교 교장으로 활동 중인 저자 양희규가 10대 청소년들과 나눈 고민의 기록으로, 배움에 지친 10대들에게 배움의 기쁨을 되돌려주기 위한 저자만의 해법을 고스란히 담아낸 책이다. 저자는 사람은 누구나 배우고자 하는 열정을 가지고 있다고 이야기하며, 배움에 대한 염증을 치유하기 위한 다양한 방법을 제안한다. 공부스트레스, 배움에 대한 염증, 학교생활, 공부 방법, 대학, 전공 등 22가지 주제를 바탕으로 10대들과 나눈 대화를 저자와 소년의 대화형식으로 생생하게 풀어내고, 자기 발견을 통해 꿈을 찾아 갈 수 있도록 철학적인 지식을 동원해 10대가 추구해야 하는 삶의 자세에 대해 조언한다. </p><br><p></p>\r\n'),(2,3,'--- null\n+++ null\n@@ -1,1 +1,1 @@\n-<p><img style=\"width: 129.811px; height: 199px;\" src=\"http://192.168.0.149:8080/resources/upload/tmp/135392857112410age1.jpg/\"></p><p></p><p></p><p>&nbsp; 배움을 넘어 삶의 주인이 되기 위해 갖춰야 할 10대들의 철학! 왜, 무엇을, 어떻게 배워야 하는지에 대해 10대들과 나눈 뜨거운 대화<b>『10대 너의 배움에 주인이 되어라』</b>. 이 책은 금산 간디학교, 필리핀 간디학교 교장으로 활동 중인 저자 양희규가 10대 청소년들과 나눈 고민의 기록으로, 배움에 지친 10대들에게 배움의 기쁨을 되돌려주기 위한 저자만의 해법을 고스란히 담아낸 책이다. 저자는 사람은 누구나 배우고자 하는 열정을 가지고 있다고 이야기하며, 배움에 대한 염증을 치유하기 위한 다양한 방법을 제안한다. 공부스트레스, 배움에 대한 염증, 학교생활, 공부 방법, 대학, 전공 등 22가지 주제를 바탕으로 10대들과 나눈 대화를 저자와 소년의 대화형식으로 생생하게 풀어내고, 자기 발견을 통해 꿈을 찾아 갈 수 있도록 철학적인 지식을 동원해 10대가 추구해야 하는 삶의 자세에 대해 조언한다. </p><br><p></p>\r\n+<p><img src=\"http://192.168.0.149:8080/resources/upload/tmp/135392857112410age1.jpg/\"></p><p></p><p></p><p>배움을 넘어 삶의 주인이 되기 위해 갖춰야 할 10대들의 철학! 왜, 무엇을, 어떻게 배워야 하는지에 대해 10대들과 나눈 뜨거운 대화『10대 너의 배움에 주인이 되어라』. 이 책은 금산 간디학교, 필리핀 간디학교 교장으로 활동 중인 저자 양희규가 10대 청소년들과 나눈 고민의 기록으로, 배움에 지친 10대들에게 배움의 기쁨을 되돌려주기 위한 저자만의 해법을 고스란히 담아낸 책이다. 저자는 사람은 누구나 배우고자 하는 열정을 가지고 있다고 이야기하며, 배움에 대한 염증을 치유하기 위한 다양한 방법을 제안한다. 공부스트레스, 배움에 대한 염증, 학교생활, 공부 방법, 대학, 전공 등 22가지 주제를 바탕으로 10대들과 나눈 대화를 저자와 소년의 대화형식으로 생생하게 풀어내고, 자기 발견을 통해 꿈을 찾아 갈 수 있도록 철학적인 지식을 동원해 10대가 추구해야 하는 삶의 자세에 대해 조언한다. </p><br><p></p>\r\n'),(2,4,''),(2,5,'--- null\n+++ null\n@@ -1,1 +1,1 @@\n-<p><img style=\"width: 243.196px; height: 373px; cursor: nw-resize;\" src=\"http://192.168.0.149:8080/resources/upload/tmp/135392857112410age1.jpg/\"></p><p></p><p></p><p>&nbsp; 배움을 넘어 삶의 주인이 되기 위해 갖춰야 할 10대들의 철학! 왜, 무엇을, 어떻게 배워야 하는지에 대해 10대들과 나눈 뜨거운 대화<b>『10대 너의 배움에 주인이 되어라』</b>. 이 책은 금산 간디학교, 필리핀 간디학교 교장으로 활동 중인 저자 양희규가 10대 청소년들과 나눈 고민의 기록으로, 배움에 지친 10대들에게 배움의 기쁨을 되돌려주기 위한 저자만의 해법을 고스란히 담아낸 책이다. 저자는 사람은 누구나 배우고자 하는 열정을 가지고 있다고 이야기하며, 배움에 대한 염증을 치유하기 위한 다양한 방법을 제안한다. 공부스트레스, 배움에 대한 염증, 학교생활, 공부 방법, 대학, 전공 등 22가지 주제를 바탕으로 10대들과 나눈 대화를 저자와 소년의 대화형식으로 생생하게 풀어내고, 자기 발견을 통해 꿈을 찾아 갈 수 있도록 철학적인 지식을 동원해 10대가 추구해야 하는 삶의 자세에 대해 조언한다. </p><br><p></p>\r\n+<p><img style=\"width: 129.811px; height: 199px;\" src=\"http://192.168.0.149:8080/resources/upload/tmp/135392857112410age1.jpg/\"></p><p></p><p></p><p>&nbsp; 배움을 넘어 삶의 주인이 되기 위해 갖춰야 할 10대들의 철학! 왜, 무엇을, 어떻게 배워야 하는지에 대해 10대들과 나눈 뜨거운 대화<b>『10대 너의 배움에 주인이 되어라』</b>. 이 책은 금산 간디학교, 필리핀 간디학교 교장으로 활동 중인 저자 양희규가 10대 청소년들과 나눈 고민의 기록으로, 배움에 지친 10대들에게 배움의 기쁨을 되돌려주기 위한 저자만의 해법을 고스란히 담아낸 책이다. 저자는 사람은 누구나 배우고자 하는 열정을 가지고 있다고 이야기하며, 배움에 대한 염증을 치유하기 위한 다양한 방법을 제안한다. 공부스트레스, 배움에 대한 염증, 학교생활, 공부 방법, 대학, 전공 등 22가지 주제를 바탕으로 10대들과 나눈 대화를 저자와 소년의 대화형식으로 생생하게 풀어내고, 자기 발견을 통해 꿈을 찾아 갈 수 있도록 철학적인 지식을 동원해 10대가 추구해야 하는 삶의 자세에 대해 조언한다. </p><br><p></p>\r\n'),(2,6,''),(3,1,''),(3,2,''),(4,1,''),(4,2,''),(4,3,''),(5,1,'--- null\n+++ null\n@@ -1,21 +1,1 @@\n-<p></p><p><img src=\"http://192.168.0.149:8080/resources/upload/tmp/1353929057311wine1.jpg/\"></p><p>플라워 캐릭터로 시작하여 매우 부드럽고 은은한 향기들을 피워냅니다<span>..</span></p>\r\n-\r\n-<p>로즈 라스베리 스트로베리 바닐라 허브 바이올렛 약간의 스파이시함<span>..</span></p>\r\n-\r\n-<p>부드럽고 하늘하늘한 느낌의 향기가 기분 좋습니다<span>..</span></p>\r\n-\r\n-<p>타닌 미디엄 투 풀<span>..</span></p>\r\n-\r\n-<p>애시디티 미디엄 투 하이<span>..</span></p>\r\n-\r\n-<p>피니쉬 미디엄 투 롱<span>..</span></p>\r\n-\r\n-<p>밸런스 굿<span>..</span></p>\r\n-\r\n-<p>알코올<span> 13%..</span></p>\r\n-\r\n-<p>애시디티가 참 좋습니다<span>..</span></p>\r\n-\r\n-<p>푸루티함과 쥬시함 꼭 은은한 향수를 머금는 느낌의<span>..</span></p>\r\n-\r\n-<p>컴플렉씨티와 파워가 조금 떨어지는게 흠입니다<span>..</span></p><p></p>\r\n+<p><p><img src=\"http://192.168.0.149:8080/resources/upload/tmp/1353929057311wine1.jpg/\"></p><br></p>\n'),(5,2,'--- null\n+++ null\n@@ -1,1 +1,1 @@\n-<p></p><p><img src=\"http://192.168.0.149:8080/resources/upload/tmp/1353929057311wine1.jpg/\"></p><p><p>미디엄 루비 컬러<span>..</span></p>\r\n+<p></p><p><img src=\"http://192.168.0.149:8080/resources/upload/tmp/1353929057311wine1.jpg/\"></p><p>플라워 캐릭터로 시작하여 매우 부드럽고 은은한 향기들을 피워냅니다<span>..</span></p>\r\n@@ -3,2 +3,0 @@\n-<p>새디먼트 없음<span>..</span></p></p><p>플라워 캐릭터로 시작하여 매우 부드럽고 은은한 향기들을 피워냅니다<span>..</span></p>\r\n-\r\n'),(5,3,'--- null\n+++ null\n@@ -1,1 +1,1 @@\n-<p></p><p><img src=\"http://192.168.0.149:8080/resources/upload/tmp/1353929057311wine1.jpg/\" style=\"width: 214.24277456647397px; height: 328px; cursor: nw-resize;\"></p><p></p><p>미디엄 루비 컬러<span>..</span></p>\r\n+<p></p><p><img src=\"http://192.168.0.149:8080/resources/upload/tmp/1353929057311wine1.jpg/\"></p><p><p>미디엄 루비 컬러<span>..</span></p>\r\n@@ -3,1 +3,1 @@\n-<p>새디먼트 없음<span>..</span></p><p></p><p>플라워 캐릭터로 시작하여 매우 부드럽고 은은한 향기들을 피워냅니다<span>..</span></p>\r\n+<p>새디먼트 없음<span>..</span></p></p><p>플라워 캐릭터로 시작하여 매우 부드럽고 은은한 향기들을 피워냅니다<span>..</span></p>\r\n'),(5,4,''),(6,1,'--- null\n+++ null\n@@ -1,21 +1,1 @@\n-<p></p><p><img src=\"http://192.168.0.149:8080/resources/upload/tmp/1353929141721wine2.jpg/\"></p><p>2002 Domaine de la Romanee Conti Grands Echezeaux </p>\r\n-\r\n-<p>미디엄 루비 컬러<span>.. </span></p>\r\n-\r\n-<p>새디먼트 없음<span>.. </span></p>\r\n-\r\n-<p>플로럴 민트 허브 미네럴<span>.. </span></p>\r\n-\r\n-<p>라스베리 블랙베리 등의 광리 캐릭터<span>.. </span></p>\r\n-\r\n-<p>약간의 오크 터치<span>.. </span></p>\r\n-\r\n-<p>타닌 풀<span>.. </span></p>\r\n-\r\n-<p>애시디티 미디엄 투 하이<span>.. </span></p>\r\n-\r\n-<p>피니쉬 미디엄 투 롱<span>.. </span></p>\r\n-\r\n-<p>밸런스 굿<span>.. </span></p>\r\n-\r\n-알코올<span> 13%..</span><br><p></p>\r\n+<p><p><img src=\"http://192.168.0.149:8080/resources/upload/tmp/1353929141721wine2.jpg/\"></p><br></p>\n'),(6,2,'--- null\n+++ null\n@@ -1,1 +1,1 @@\n-<p></p><p><img src=\"http://192.168.0.149:8080/resources/upload/tmp/1353929141721wine2.jpg/\" style=\"width: 358.27464788732397px; height: 550px; cursor: nw-resize;\"></p><p>2002 Domaine de la Romanee Conti Grands Echezeaux </p>\r\n+<p></p><p><img src=\"http://192.168.0.149:8080/resources/upload/tmp/1353929141721wine2.jpg/\"></p><p>2002 Domaine de la Romanee Conti Grands Echezeaux </p>\r\n'),(6,3,'--- null\n+++ null\n@@ -1,1 +1,1 @@\n-<p></p><p><img src=\"http://192.168.0.149:8080/resources/upload/tmp/1353929141721wine2.jpg/\" style=\"width: 276.8426294820717px; height: 425px; cursor: nw-resize;\"></p><p>2002 Domaine de la Romanee Conti Grands Echezeaux </p>\r\n+<p></p><p><img src=\"http://192.168.0.149:8080/resources/upload/tmp/1353929141721wine2.jpg/\" style=\"width: 358.27464788732397px; height: 550px; cursor: nw-resize;\"></p><p>2002 Domaine de la Romanee Conti Grands Echezeaux </p>\r\n'),(6,4,'--- null\n+++ null\n@@ -1,1 +1,1 @@\n-<p></p><p><img src=\"http://192.168.0.149:8080/resources/upload/tmp/1353929141721wine2.jpg/\" style=\"width: 229.42117647058822px; height: 352px; cursor: nw-resize;\"></p><p>2002 Domaine de la Romanee Conti Grands Echezeaux </p>\r\n+<p></p><p><img src=\"http://192.168.0.149:8080/resources/upload/tmp/1353929141721wine2.jpg/\" style=\"width: 276.8426294820717px; height: 425px; cursor: nw-resize;\"></p><p>2002 Domaine de la Romanee Conti Grands Echezeaux </p>\r\n'),(6,5,''),(7,1,'--- null\n+++ null\n@@ -1,19 +1,1 @@\n-<p></p><p><img src=\"http://192.168.0.149:8080/resources/upload/tmp/1353929184109wine3.jpg/\" style=\"width: 191.9269406392694px; height: 296px;\"></p><p>미디엄 루비 컬러<span>.. </span></p>\r\n-\r\n-<p>새디먼트 없음<span>.. </span></p>\r\n-\r\n-<p>플로럴 민트 허브 미네럴<span>.. </span></p>\r\n-\r\n-<p>라스베리 블랙베리 등의 광리 캐릭터<span>.. </span></p>\r\n-\r\n-<p>약간의 오크 터치<span>.. </span></p>\r\n-\r\n-<p>타닌 풀<span>.. </span></p>\r\n-\r\n-<p>애시디티 미디엄 투 하이<span>.. </span></p>\r\n-\r\n-<p>피니쉬 미디엄 투 롱<span>.. </span></p>\r\n-\r\n-<p>밸런스 굿<span>.. </span></p>\r\n-\r\n-<p>알코올<span> 13%..&nbsp;</span></p><br><p></p>\r\n+<p><p><img src=\"http://192.168.0.149:8080/resources/upload/tmp/1353929184109wine3.jpg/\"></p><br></p>\n'),(7,2,''),(8,1,'--- null\n+++ null\n@@ -1,50 +1,1 @@\n-<p></p><p><img src=\"http://192.168.0.149:8080/resources/upload/tmp/1353929207966wine7.jpg/\" style=\"\"></p><p>원산지<span> : 프랑스 뽀므롤\r\n-</span></p>\r\n-\r\n-<p>알 콜 도 수<span> : % </span></p>\r\n-\r\n-<p>용<span>&nbsp; 량 : 750ml </span></p>\r\n-\r\n-<p>주포도품종<span> : 멀롯 90%, 까베르네 프랑 3%, 까베르네 쇼비뇽 7% </span></p>\r\n-\r\n-<p>빈<span>&nbsp; 티&nbsp; 지 : 2003 </span></p>\r\n-\r\n-<p>분<span>&nbsp; 류 : 레드 </span></p>\r\n-\r\n-<p>등<span>&nbsp; 급 : </span></p>\r\n-\r\n-<p>Flabor&nbsp; : </p>\r\n-\r\n-<p>짙은 자주색<span>, 검붉은색 과일\r\n-아로마, 약간 스파이시하면서 가죽향 </span></p>\r\n-\r\n-<p>아주 좋은 밸런스와 부드러운 탄닌이 느껴짐 </p>\r\n-\r\n-<p>10~15년 숙성\r\n-후 마시면 좋음 </p>\r\n-\r\n-<p>육고기 뿐만 아니라 생선<span>, 아몬드, 카라멜, 바닐라 등 과일과도 잘 맞는 와인 </span></p>\r\n-<p>자주색이 참으로 우아하지만 상당히 어리다<span>. </span></p>\r\n-\r\n-<p>스파이시한 향이 코를 자극한다<span>. </span></p>\r\n-\r\n-<p>2003년이라\r\n-하더라도 균형이 잘 잡혀 있음은 말할것이 없지만<span>, 묵직한 탄닌과 기분좋을 아니 기분 나쁠 정도로 빨리\r\n-없어지지 않는 피니쉬는 전혀 느낄수 없어 아쉽다. </span></p>\r\n-\r\n-<p>가끔씩은 그런 생각을 한다<span>. </span></p>\r\n-\r\n-<p>한국인이 진정 와인을 적당하게 마실 수 있게 수입사에서는 무한한 노력을\r\n-해야할 것 같은<span>...... </span></p>\r\n-\r\n-<p>적어도 빈티지가 최근인 와인을 수입하지를 말던가 수입해서 수입사 창고에\r\n-장기보관 후에 판매를 하던가<span>.....&nbsp; 이건\r\n-무슨 최근 빈티지일수록 더 잘 나가고 95년 이전으로는 거의 구하기가 힘드니 진정 한국에서는 제대로된\r\n-시음을 하기가 힘든것이 사실이다. </span></p>\r\n-\r\n-<p>지극히 뽀므롤 스럽다<span>..........?\r\n-</span></p>\r\n-\r\n-ㅎㅎ 내가 느낀\r\n-샤또 가쟁에 대한 평가이다<span>. 더도말고 덜도말고 여기서 부드러운 탄닌과 혀 뿌리를 잡고 안내려 갈려는\r\n-듯한 피니쉬가 필요한것은 말 할것도 없다.&nbsp;</span><p></p>\r\n+<p><p><img src=\"http://192.168.0.149:8080/resources/upload/tmp/1353929207966wine7.jpg/\"></p>아 진짜 먹고싶다!!! (<i>꿀꺽</i>)</p>\n'),(8,2,''),(9,1,''),(10,1,''),(10,2,''),(11,1,''),(11,2,''),(11,3,'--- null\n+++ null\n@@ -1,1 +1,1 @@\n-<p></p><p><img style=\"cursor: nw-resize; width: 313.33px; height: 431px;\" src=\"http://192.168.0.149:8080/resources/upload/tmp/135392938064110age3.jpg/\"></p><p><b>&nbsp; 실패를 두려워하지 않는 용기로 청춘을 마음껏 즐겨라!</b> <br></p><p><br></p><p>&nbsp; 법륜 스님의 청춘 멘토링『방황해도 괜찮아』. 이 책은 인생 앞에 끊임없이 찾아오는 고민거리에 두려워하고 절망스러워하는 청춘들을 위해 저자가 전하는 인생 해법을 담고 있다. 실패가 좌절과 절망이 되는 것은 욕심 때문임을 일깨워주는 ‘오늘과 내일 사이의 쉼표’, 사랑에도 연습이 필요하다고 이야기하는 ‘달콤한 연애와 쌉쌀한 이별’ 등 모두 4가지 주제로 나누어 청춘을 긍정하는 방법에 대해 자세하게 알려준다. 애인과 겪는 애정 문제, 상사와의 갈등이나 조직에 대한 불만 등 직장 문제, 불안한 미래에 대한 고민, 시험공부를 계속해야 할까 그만두어야 할까 등 청춘을 괴롭히는 여러 가지 문제들에 대해 의례적인 격려나 위안이 아니라 직설적으로 질문에 대한 답을 제시하며, 저자의 조언을 들은 이들이 스스로 해답을 찾을 수 있도록 도와준다. </p><br><p></p>\r\n+<p><p><img src=\"http://192.168.0.149:8080/resources/upload/tmp/135392938064110age3.jpg/\"></p><p><b>&nbsp; 실패를 두려워하지 않는 용기로 청춘을 마음껏 즐겨라!</b> <br></p><p><br></p><p>&nbsp; 법륜 스님의 청춘 멘토링『방황해도 괜찮아』. 이 책은 인생 앞에 끊임없이 찾아오는 고민거리에 두려워하고 절망스러워하는 청춘들을 위해 저자가 전하는 인생 해법을 담고 있다. 실패가 좌절과 절망이 되는 것은 욕심 때문임을 일깨워주는 ‘오늘과 내일 사이의 쉼표’, 사랑에도 연습이 필요하다고 이야기하는 ‘달콤한 연애와 쌉쌀한 이별’ 등 모두 4가지 주제로 나누어 청춘을 긍정하는 방법에 대해 자세하게 알려준다. 애인과 겪는 애정 문제, 상사와의 갈등이나 조직에 대한 불만 등 직장 문제, 불안한 미래에 대한 고민, 시험공부를 계속해야 할까 그만두어야 할까 등 청춘을 괴롭히는 여러 가지 문제들에 대해 의례적인 격려나 위안이 아니라 직설적으로 질문에 대한 답을 제시하며, 저자의 조언을 들은 이들이 스스로 해답을 찾을 수 있도록 도와준다. </p><br></p>\n'),(11,4,''),(12,1,''),(13,1,''),(13,2,''),(14,1,'--- null\n+++ null\n@@ -1,1 +1,1 @@\n-<p></p><p><img style=\"width: 255.75px; height: 372px; cursor: nw-resize;\" src=\"http://192.168.0.149:8080/resources/upload/tmp/135392952662710age4.jpg/\"></p><p>&nbsp; <b>청소년과 함께 좀 더 윤리적인 세상을 만들다!</b> <br></p><p><br></p><p>&nbsp; 「10대를 위한 책도둑 시리즈」제 6권 함규진 선생님이 들려주는 윤리와 도덕 이야기 『10대와 통하는 윤리학』. 청소년들이 살아가면서 가정과 학교, 사회에서 부딪히는 도덕적 갈등과 윤리에 대한 문제를 다룬 책이다. 실생활에서 만나는 다양한 갈등과 온라인에서의 윤리, 윤리적 소비와 공정무역, 국가에 대한 충성, 전쟁, 빈곤, 정의 등에 이르기까지 폭넓은 주제를 망라한다. 경쟁은 선인지 악인지, 인간은 스스로 죽을 권리가 있는지, 왜 나보다 어려운 사람을 도와야 하는지 등 좀 더 윤리적인 세상을 만들기 위해 청소년들과 함께 답을 찾아 나선다. </p><br><p></p>\r\n+<p><p><img src=\"http://192.168.0.149:8080/resources/upload/tmp/135392952662710age4.jpg/\"></p><p>&nbsp; <b>청소년과 함께 좀 더 윤리적인 세상을 만들다!</b> <br></p><p><br></p><p>&nbsp; 「10대를 위한 책도둑 시리즈」제 6권 함규진 선생님이 들려주는 윤리와 도덕 이야기 『10대와 통하는 윤리학』. 청소년들이 살아가면서 가정과 학교, 사회에서 부딪히는 도덕적 갈등과 윤리에 대한 문제를 다룬 책이다. 실생활에서 만나는 다양한 갈등과 온라인에서의 윤리, 윤리적 소비와 공정무역, 국가에 대한 충성, 전쟁, 빈곤, 정의 등에 이르기까지 폭넓은 주제를 망라한다. 경쟁은 선인지 악인지, 인간은 스스로 죽을 권리가 있는지, 왜 나보다 어려운 사람을 도와야 하는지 등 좀 더 윤리적인 세상을 만들기 위해 청소년들과 함께 답을 찾아 나선다. </p><br></p>\n'),(14,2,''),(15,1,''),(16,1,''),(16,2,''),(16,3,''),(16,4,''),(17,1,'--- null\n+++ null\n@@ -1,1 +1,1 @@\n-<p><img style=\"cursor: nw-resize; width: 249.249px; height: 363px;\" src=\"http://192.168.0.149:8080/resources/upload/tmp/135393054815610age5.jpg/\"></p><p><b>&nbsp; 우리 시대의 인생 멘토 12명이 당신의 1년을 코칭한다! </b><br></p><p><br></p><p>&nbsp;「김미경의 책으로 만나는 강의」제1권『한 달에 한 번 12명의 인생 멘토를 만나다』. 그동안 수많은 강연으로 사람들의 마음을 뒤흔든 라이프 코치이자 자기계발 전문 강사인 김미경이 ‘김미경의 파랑새’ 강의를 하면서 들려준 내용과 강의라는 특성상 줄일 수밖에 없었던 다양한 근거와 에피소드, 시간상 뺄 수밖에 없었던 콘텐츠들을 대폭 보강하여 시리즈로 기획하였다. 제1권에서는 저자가 직접 선별한 우리 시대의 인생 멘토 12명을 통해 달마다 그들의 주옥같은 가르침을 전한다. 마이크로소프트 창업자 빌 게이츠, 고 김수환 추기경, 축구선수 박지성, 이외수 소설가, 안숙선 명창, 요리사 제이미 올리버 등 1월부터 12월까지 매달 한 명씩 찾은 인생 멘토들의 성공 비법을 만나볼 수 있다. </p><p><br></p>\r\n+<p><img src=\"http://192.168.0.149:8080/resources/upload/tmp/135393054815610age5.jpg/\"></p><p><b>&nbsp; 우리 시대의 인생 멘토 12명이 당신의 1년을 코칭한다! </b><br></p><p><br></p><p>&nbsp;「김미경의 책으로 만나는 강의」제1권『한 달에 한 번 12명의 인생 멘토를 만나다』. 그동안 수많은 강연으로 사람들의 마음을 뒤흔든 라이프 코치이자 자기계발 전문 강사인 김미경이 ‘김미경의 파랑새’ 강의를 하면서 들려준 내용과 강의라는 특성상 줄일 수밖에 없었던 다양한 근거와 에피소드, 시간상 뺄 수밖에 없었던 콘텐츠들을 대폭 보강하여 시리즈로 기획하였다. 제1권에서는 저자가 직접 선별한 우리 시대의 인생 멘토 12명을 통해 달마다 그들의 주옥같은 가르침을 전한다. 마이크로소프트 창업자 빌 게이츠, 고 김수환 추기경, 축구선수 박지성, 이외수 소설가, 안숙선 명창, 요리사 제이미 올리버 등 1월부터 12월까지 매달 한 명씩 찾은 인생 멘토들의 성공 비법을 만나볼 수 있다. </p><p><br></p>\n'),(17,2,''),(18,1,''),(18,2,''),(19,1,'--- null\n+++ null\n@@ -1,1 +1,1 @@\n-<p><img style=\"width: 305.724px; height: 465px; cursor: nw-resize;\" src=\"http://192.168.0.149:8080/resources/upload/tmp/135393057762510age6.jpg/\"></p><p></p><p>&nbsp; <b>삶과 죽음의 벼랑에 선 소녀들이 주고받는 편지!</b> <br></p><p><br></p><p>&nbsp; 노르웨이 최고 문학상 ‘브라게 문학상’ 수상 작가이자 한국계 입양아 출신의 작가인 쉰네 순 뢰에스의 소설 『충분히 아름다운 너에게』. 불치병에 걸린 소녀와 자살을 기도하는 소녀가 주고받는 편지로 삶과 죽음에 대한 통찰을 담아낸 작품이다. 불치병에 걸려 시한부 인생을 살고 있는 열일곱 살 미혼모 요한네. 어느 날 신문에 요한네의 인터뷰가 실리고, 그 기사를 본 동갑내기 소녀 제니가 요한네에게 편지를 보낸다. 우울증에 걸린 제니는 여러 번 자살을 시도하며 간절하게 죽기를 원한다. 살고 싶은 소녀 요한네와 죽고 싶은 소녀 제니는 그렇게 편지를 주고받기 시작하고, 바람이 극명하게 다른 서로를 조금씩 이해한다. 요한네는 병으로 인한 고통과 가족을 두고 떠나야 하는 슬픔을 위로받고, 제니는 요한네의 진지한 삶의 태도를 보며 자살 충동을 이겨내는데…. </p><br><p></p>\r\n+<p><img src=\"http://192.168.0.149:8080/resources/upload/tmp/135393057762510age6.jpg/\"></p><p><p>&nbsp; <b>삶과 죽음의 벼랑에 선 소녀들이 주고받는 편지!</b> <br></p><p><br></p><p>&nbsp; 노르웨이 최고 문학상 ‘브라게 문학상’ 수상 작가이자 한국계 입양아 출신의 작가인 쉰네 순 뢰에스의 소설 『충분히 아름다운 너에게』. 불치병에 걸린 소녀와 자살을 기도하는 소녀가 주고받는 편지로 삶과 죽음에 대한 통찰을 담아낸 작품이다. 불치병에 걸려 시한부 인생을 살고 있는 열일곱 살 미혼모 요한네. 어느 날 신문에 요한네의 인터뷰가 실리고, 그 기사를 본 동갑내기 소녀 제니가 요한네에게 편지를 보낸다. 우울증에 걸린 제니는 여러 번 자살을 시도하며 간절하게 죽기를 원한다. 살고 싶은 소녀 요한네와 죽고 싶은 소녀 제니는 그렇게 편지를 주고받기 시작하고, 바람이 극명하게 다른 서로를 조금씩 이해한다. 요한네는 병으로 인한 고통과 가족을 두고 떠나야 하는 슬픔을 위로받고, 제니는 요한네의 진지한 삶의 태도를 보며 자살 충동을 이겨내는데…. </p><br></p>\n'),(19,2,''),(20,1,''),(20,2,''),(21,1,'--- null\n+++ null\n@@ -1,1 +1,1 @@\n-<p></p><p><img style=\"cursor: nw-resize; width: 272.453px; height: 361px;\" src=\"http://192.168.0.149:8080/resources/upload/tmp/135393063911510age7.jpg/\"></p><p><b>&nbsp; 3,500년의 장중한 우리 고대 국가들의 이야기 </b></p><p>『청소년을 위한 삼국유사』. &lt;삼국유사&gt;가 우리 역사에서 중요한 위치를 차지한다는 것은 부인할 수 없는 사실이다. 그러나 고려시대에 지어진 역사서는 청소년들은 물론 일반인들도 읽기 어렵다. 이 책은 청소년들의 수준에 맞춰 쉽게 풀어낸 &lt;삼국유사&gt;이다. 고조선부터 삼한과 부여, 고구려, 신라로 이러지는 3,500년의 역사가 웅장하게 펼쳐진다.</p><p>이 책에는 우리의 고대 국가들의 흥망성쇠와 그에 얽힌 설화, 전설이 담겨 있다. 고대 왕국을 다스렸던 왕들의 이야기, 역사 속에 살아 있는 조상들의 삶이 고스란히 녹아져 있다. 불교에 관한 다양한 이야기도 엿볼 수 있다. 불교의 전래와 고승들에 얽힌 이야기, 절과 탑과 관련해 전해 내려오는 이야기가 그것이다.</p><p>국가의 흥망성쇠에서부터 문화, 종교, 서민들의 삶까지 다양한 이야기를 담고 있다. 우리 조상들의 숨결을 느낄 수 있는 이 책은 청소년들이 흥미를 가지고 역사를 접할 수 있게 어려운 단어들을 쉽게 풀어준다. 다소 어려운 부분에는 역자가 살을 보태어 재미있게 읽을 수 있도록 하였다. </p><br><p></p>\r\n+<p><p><img src=\"http://192.168.0.149:8080/resources/upload/tmp/135393063911510age7.jpg/\"></p><p><b>&nbsp; 3,500년의 장중한 우리 고대 국가들의 이야기 </b></p><p>『청소년을 위한 삼국유사』. &lt;삼국유사&gt;가 우리 역사에서 중요한 위치를 차지한다는 것은 부인할 수 없는 사실이다. 그러나 고려시대에 지어진 역사서는 청소년들은 물론 일반인들도 읽기 어렵다. 이 책은 청소년들의 수준에 맞춰 쉽게 풀어낸 &lt;삼국유사&gt;이다. 고조선부터 삼한과 부여, 고구려, 신라로 이러지는 3,500년의 역사가 웅장하게 펼쳐진다.</p><p>이 책에는 우리의 고대 국가들의 흥망성쇠와 그에 얽힌 설화, 전설이 담겨 있다. 고대 왕국을 다스렸던 왕들의 이야기, 역사 속에 살아 있는 조상들의 삶이 고스란히 녹아져 있다. 불교에 관한 다양한 이야기도 엿볼 수 있다. 불교의 전래와 고승들에 얽힌 이야기, 절과 탑과 관련해 전해 내려오는 이야기가 그것이다.</p><p>국가의 흥망성쇠에서부터 문화, 종교, 서민들의 삶까지 다양한 이야기를 담고 있다. 우리 조상들의 숨결을 느낄 수 있는 이 책은 청소년들이 흥미를 가지고 역사를 접할 수 있게 어려운 단어들을 쉽게 풀어준다. 다소 어려운 부분에는 역자가 살을 보태어 재미있게 읽을 수 있도록 하였다. </p><br></p>\n'),(21,2,''),(22,1,''),(22,2,'--- null\n+++ null\n@@ -1,1 +1,1 @@\n-<p><img style=\"width: 272.378px; height: 376px; cursor: nw-resize;\" src=\"http://192.168.0.149:8080/resources/upload/tmp/135393066906910age8.jpg/\"></p><p></p><p><b>&nbsp; 우리 곁의 10가지 먹을거리를 통해 만나는 세계사 이야기!</b> <br></p><p>&nbsp; 제2회 창비청소년도서상 교양 부문 대상 수상작『식탁위의 세계사』. 감자에서 비롯한 아일랜드 대기근부터 옥수수에 대한 러시아 지도자 흐루쇼프의 열정, 소금법에 저항한 간디의 소금 행진 등 음식을 통해 세계사의 중요한 사건과 인물들에 관한 이야기로 안내하는 책이다. 감자, 소금, 후추, 돼지고기, 빵, 닭고기, 옥수수, 바나나, 포도, 차 등 우리 곁의 친근한 먹을거리를 그 대상으로 하였으며, 음식의 유래만을 추적하거나 지엽적인 박물관 정보를 전하는 것이 아닌 그와 관련된 세계사의 핵심적인 사건들을 소상히 알려주고자 하였다. 본문은 대항해 시대를 낳은 것이 후추의 매콤한 맛 때문이라거나 시인 소동파가 동파육 요리를 고안해 낸 창의적인 요리 개발자라는 등 흥미로운 이야기들로 구성되어 있다. 엄마가 아이들에게 이야기를 들려주는 형식을 취하였으며, 50여 컷의 사진 및 그림을 주제와 연결하여 적절히 활용한 점 또한 특징이다. </p><br><p></p>\r\n+<p><img src=\"http://192.168.0.149:8080/resources/upload/tmp/135393066906910age8.jpg/\"></p><p><p><b>&nbsp; 우리 곁의 10가지 먹을거리를 통해 만나는 세계사 이야기!</b> <br></p><p>&nbsp; 제2회 창비청소년도서상 교양 부문 대상 수상작『식탁위의 세계사』. 감자에서 비롯한 아일랜드 대기근부터 옥수수에 대한 러시아 지도자 흐루쇼프의 열정, 소금법에 저항한 간디의 소금 행진 등 음식을 통해 세계사의 중요한 사건과 인물들에 관한 이야기로 안내하는 책이다. 감자, 소금, 후추, 돼지고기, 빵, 닭고기, 옥수수, 바나나, 포도, 차 등 우리 곁의 친근한 먹을거리를 그 대상으로 하였으며, 음식의 유래만을 추적하거나 지엽적인 박물관 정보를 전하는 것이 아닌 그와 관련된 세계사의 핵심적인 사건들을 소상히 알려주고자 하였다. 본문은 대항해 시대를 낳은 것이 후추의 매콤한 맛 때문이라거나 시인 소동파가 동파육 요리를 고안해 낸 창의적인 요리 개발자라는 등 흥미로운 이야기들로 구성되어 있다. 엄마가 아이들에게 이야기를 들려주는 형식을 취하였으며, 50여 컷의 사진 및 그림을 주제와 연결하여 적절히 활용한 점 또한 특징이다. </p><br></p>\n'),(22,3,''),(22,4,''),(23,1,''),(24,1,'--- null\n+++ null\n@@ -1,3 +1,2 @@\n-<p><p><img src=\"http://192.168.0.149:8080/resources/upload/tmp/1353930670705wine9.jpg/\"></p>\n-<p>샤토 라퐁\r\n-로쉐<span>(Chateau Lafon-Rochet, 그랑 크뤼 4등급)의 세컨 라벨</span></p>\n+<p><p><img src=\"http://192.168.0.149:8080/resources/upload/tmp/1353930670705wine9.jpg/\"></p><p>샤토 라퐁\r\n+로쉐<span>(Chateau Lafon-Rochet, 그랑 크뤼 4등급)의 세컨 라벨</span></p>\r\n@@ -5,1 +4,0 @@\n-\r\n@@ -7,1 +5,1 @@\n-까베르네프랑5% </span></p>\n+까베르네프랑5% </span></p>\r\n@@ -9,0 +7,1 @@\n+<p>원산지<span> : 프랑스 쌩떼스테프 </span></p>\r\n@@ -10,1 +9,1 @@\n-<p>원산지<span> : 프랑스 쌩떼스테프 </span></p>\n+<p>레드와인<span>, 풀바디</span></p>\r\n@@ -12,4 +11,0 @@\n-\r\n-<p>레드와인<span>, 풀바디</span></p>\n-\r\n-\r\n@@ -17,1 +12,1 @@\n-메를로</span></p>\n+메를로</span></p>\r\n@@ -19,1 +14,0 @@\n-\r\n@@ -22,2 +16,1 @@\n-강하고 매우 진하여 잔바닥이 보이지 않을 정도이다.&nbsp;</span></p>\n-<br></p>\n+강하고 매우 진하여 잔바닥이 보이지 않을 정도이다.&nbsp;</span></p><br></p>\n'),(24,2,'--- null\n+++ null\n@@ -2,1 +2,0 @@\n-\r\n@@ -7,1 +6,0 @@\n-\r\n@@ -12,1 +10,0 @@\n-\r\n@@ -16,1 +13,0 @@\n-\r\n@@ -20,1 +16,0 @@\n-\r\n@@ -25,1 +20,0 @@\n-\r\n@@ -29,1 +23,0 @@\n-\r\n@@ -31,1 +24,0 @@\n-\r\n'),(24,3,''),(25,1,''),(25,2,''),(25,3,''),(26,1,'--- null\n+++ null\n@@ -1,2 +1,1 @@\n-<p><p><img src=\"http://192.168.0.149:8080/resources/upload/tmp/1353930887790movie1.jpg/\"></p>\n-<p>줄거리:</p>\n+<p><p><img src=\"http://192.168.0.149:8080/resources/upload/tmp/1353930887790movie1.jpg/\"></p><p>줄거리:</p>\r\n@@ -4,0 +3,1 @@\n+<p><b>체온</b><b> 46</b><b>도</b><b>, </b><b>혈액형</b><b>판독불가</b><b>… </b><b><span>세상에</span></b><b>없어야</b><b>할</b><b>위험한</b><b>존재</b><b>늑대소년</b><b>, </b><b>운명적</b><b>사랑에</b><b>빠지다</b><b>!</b></p>\r\n@@ -5,3 +5,0 @@\n-<p><b>체온</b><b> 46</b><b>도</b><b>, </b><b>혈액형</b><b>판독불가</b><b>… </b><b><span>세상에</span></b><b>없어야</b><b>할</b><b>위험한</b><b>존재</b><b>늑대소년</b><b>, </b><b>운명적</b><b>사랑에</b><b>빠지다</b><b>!</b></p>\n-\r\n-\r\n@@ -13,2 +10,1 @@\n-순식간에 마을 사람들에게 두려움과 공포의 대상이 되어버리는데……</span></span></p>\n-<br></p>\n+순식간에 마을 사람들에게 두려움과 공포의 대상이 되어버리는데……</span></span></p><br></p>\n'),(26,2,''),(27,1,''),(28,1,'--- null\n+++ null\n@@ -1,2 +1,1 @@\n-<p><p><img src=\"http://192.168.0.149:8080/resources/upload/tmp/1353930950224movie4.jpg/\"></p>\n-<p>줄거리:</p>\n+<p><p><img src=\"http://192.168.0.149:8080/resources/upload/tmp/1353930950224movie4.jpg/\"></p><p>줄거리:</p>\r\n@@ -4,1 +3,0 @@\n-\r\n@@ -9,2 +7,1 @@\n-않은 마지막 미해결 실종사건을 파헤쳐 세상이 용서한 이두석을 어떻게든 잡아넣으려 하는데… 법이 용서한 연쇄살인범<span> 공소시효는 끝났지만<span>, 사건은 아직 끝나지 않았다!</span></span></span></span></p>\n-<br></p>\n+않은 마지막 미해결 실종사건을 파헤쳐 세상이 용서한 이두석을 어떻게든 잡아넣으려 하는데… 법이 용서한 연쇄살인범<span> 공소시효는 끝났지만<span>, 사건은 아직 끝나지 않았다!</span></span></span></span></p><br></p>\n'),(28,2,''),(29,1,'--- null\n+++ null\n@@ -1,2 +1,1 @@\n-<p><p><img src=\"http://192.168.0.149:8080/resources/upload/tmp/1353930982408movie10.jpg/\" style=\"\"></p>\n-<p>줄거리:</p>\n+<p><p><img src=\"http://192.168.0.149:8080/resources/upload/tmp/1353930982408movie10.jpg/\" style=\"\"></p><p>줄거리:</p>\r\n@@ -4,1 +3,0 @@\n-\r\n@@ -12,2 +10,1 @@\n-하는 이유가 되었다. 그러던 어느날 ‘우수’가 교통사고를 당하게 되는데<span>...우리가 미처 몰랐던 철가방 기부천사 ‘우수’의 뜨거운 인생 이야기가 이제 시작된다<span>.</span></span></span></p>\n-<br></p>\n+하는 이유가 되었다. 그러던 어느날 ‘우수’가 교통사고를 당하게 되는데<span>...우리가 미처 몰랐던 철가방 기부천사 ‘우수’의 뜨거운 인생 이야기가 이제 시작된다<span>.</span></span></span></p><br></p>\n'),(29,2,''),(30,1,'--- null\n+++ null\n@@ -1,2 +1,1 @@\n-<p><p><img src=\"http://192.168.0.149:8080/resources/upload/tmp/1353931008850movie11.jpg/\"></p>\n-<p>줄거리:</p>\n+<p><p><img src=\"http://192.168.0.149:8080/resources/upload/tmp/1353931008850movie11.jpg/\"></p><p>줄거리:</p>\r\n@@ -4,1 +3,0 @@\n-\r\n'),(30,2,'--- null\n+++ null\n@@ -2,1 +2,0 @@\n-\r\n@@ -6,1 +5,0 @@\n-\r\n@@ -15,1 +13,0 @@\n-\r\n'),(30,3,''),(31,1,''),(32,1,'--- null\n+++ null\n@@ -1,1 +1,1 @@\n-<p><img style=\"cursor: nw-resize; width: 268.38px; height: 380px;\" src=\"http://192.168.0.149:8080/resources/upload/tmp/135393262821720age1.jpg/\"></p><p></p><p>  &nbsp;  </p><p><b>&nbsp;대한민국이 열광한 경청과 공감의 멘토, 란도샘이 돌아왔다!</b></p><p>  &nbsp;  </p><p><span style=\"color: #e36c09;\"><span style=\"background-color: rgb(255, 255, 255);\">《아프니까 청춘이다》</span></span>의 저자 김난도가 들려주는 새로운 이야기를 담은 에세이『천 번을 흔들려야 어른이 된다』. 청춘의 불안을 지나 세상 속에서 뜨거운 볕을 맨몸으로 견디며 흔들리고 있는 어른아이들을 위해 들려주는 저자의 가슴 벅찬 인생 멘토링을 담은 책이다. 사회에 첫발을 내딛는 순간부터 시련과 상처투성이인 어른의 삶을 막 살아가기 시작한 사회초년생들이 힘겨워하는 문제와 딜레마 들을 다양한 사례를 통해 보여주고 함께 고민한다. 또 사회에 진입조차 하지 못하는 취업 재수, 삼수생까지 청춘을 허비하는 아픔에 고통 받는 이들에게 용기와 격려의 메시지를 보낸다. 어른의 흔들림은 자연스러운 것이며, 그러므로 부끄러워하지도 말고 너무 많이 아파하지도 말라는 깨달음을 전하며, 삶이 나를 거칠게 흔들 땐 꼿꼿이 버티다가 나가떨어지거나 부러지기보단, 함께 흔들리며 한 뼘씩 성장하고 새로워지는 것이 진짜 어른이라는 것을 일깨워준다.</p><br><p></p>\r\n+<p><img src=\"http://192.168.0.149:8080/resources/upload/tmp/135393262821720age1.jpg/\"></p><p><p>  &nbsp;  </p><p><b>&nbsp;대한민국이 열광한 경청과 공감의 멘토, 란도샘이 돌아왔다!</b></p><p>  &nbsp;  </p><p><span style=\"color: #e36c09;\"><span style=\"background-color: rgb(255, 255, 255);\">《아프니까 청춘이다》</span></span>의 저자 김난도가 들려주는 새로운 이야기를 담은 에세이『천 번을 흔들려야 어른이 된다』. 청춘의 불안을 지나 세상 속에서 뜨거운 볕을 맨몸으로 견디며 흔들리고 있는 어른아이들을 위해 들려주는 저자의 가슴 벅찬 인생 멘토링을 담은 책이다. 사회에 첫발을 내딛는 순간부터 시련과 상처투성이인 어른의 삶을 막 살아가기 시작한 사회초년생들이 힘겨워하는 문제와 딜레마 들을 다양한 사례를 통해 보여주고 함께 고민한다. 또 사회에 진입조차 하지 못하는 취업 재수, 삼수생까지 청춘을 허비하는 아픔에 고통 받는 이들에게 용기와 격려의 메시지를 보낸다. 어른의 흔들림은 자연스러운 것이며, 그러므로 부끄러워하지도 말고 너무 많이 아파하지도 말라는 깨달음을 전하며, 삶이 나를 거칠게 흔들 땐 꼿꼿이 버티다가 나가떨어지거나 부러지기보단, 함께 흔들리며 한 뼘씩 성장하고 새로워지는 것이 진짜 어른이라는 것을 일깨워준다.</p><br></p>\n'),(32,2,''),(33,1,''),(34,1,''),(34,2,''),(34,3,'--- null\n+++ null\n@@ -1,1 +1,1 @@\n-<p><img style=\"width: 265.778px; height: 368px; cursor: nw-resize;\" src=\"http://192.168.0.149:8080/resources/upload/tmp/135393311399230age1.jpg/\"></p><p></p><p><b>&nbsp; 삶이란 바로 이야기다!</b> </p><p>&nbsp; 성장과 치유를 위한 힐링 스토리 24<font color=\"#e36c09\">『이야기 테라피』</font>. 저자 이시스가 심리치유와 상담 분야에서 10년 이상 치유력을 검증한 24가지 힐링 스토리에 글로벌 아티스트 이장섭의 컬러테라피 작품을 더해 만든 힐링가이드북이다. 경쟁의 압박에 시달려 지치고 숨이 막힐 때, 내가 누구인지 존재의미를 알 수 없어 답답할 때, 세상에 혼자 버려진 듯 불안하고 외로울 때, 사랑받지 못해 서러울 때, 성공이 무엇인지 행복이 무엇인지 알 수 없을 때 지혜로운 해답을 얻을 수 있는 ‘이야기’와 ‘해설’ 그리고 ‘실천가이드’로 구성되어 있다. 자신의 문제에 직면하기 어려웠던 많은 독자들이 이 책에 실린 24가지 이야기를 통해 삶의 ‘거울’과 만나는 기회가 될 것이다. </p><br><p></p>\r\n+<p><img src=\"http://192.168.0.149:8080/resources/upload/tmp/135393311399230age1.jpg/\"></p><p><p><b>&nbsp; 삶이란 바로 이야기다!</b> </p><p>&nbsp; 성장과 치유를 위한 힐링 스토리 24<font color=\"#e36c09\">『이야기 테라피』</font>. 저자 이시스가 심리치유와 상담 분야에서 10년 이상 치유력을 검증한 24가지 힐링 스토리에 글로벌 아티스트 이장섭의 컬러테라피 작품을 더해 만든 힐링가이드북이다. 경쟁의 압박에 시달려 지치고 숨이 막힐 때, 내가 누구인지 존재의미를 알 수 없어 답답할 때, 세상에 혼자 버려진 듯 불안하고 외로울 때, 사랑받지 못해 서러울 때, 성공이 무엇인지 행복이 무엇인지 알 수 없을 때 지혜로운 해답을 얻을 수 있는 ‘이야기’와 ‘해설’ 그리고 ‘실천가이드’로 구성되어 있다. 자신의 문제에 직면하기 어려웠던 많은 독자들이 이 책에 실린 24가지 이야기를 통해 삶의 ‘거울’과 만나는 기회가 될 것이다. </p><br></p>\n'),(34,4,''),(35,1,'--- null\n+++ null\n@@ -1,1 +1,1 @@\n-<p><img style=\"width: 273.536px; height: 434px;\" src=\"http://192.168.0.149:8080/resources/upload/tmp/135393315054830age2.jpg/\"></p><p></p><p>&nbsp;<b> ‘내 인생, 도대체 뭐가 문제인 걸까? 진정 내가 원하는 것은 무엇일까? 내게도 다시 사랑이 올까?\' </b></p><p>  &nbsp;  </p><p>&nbsp; 서른살의 삶과 사랑, 일에 관하여 이야기한『서른살이 심리학에게 묻다』. 이 책은 인생의 전환기인 30대에 들어선 젊은이들이 느끼는 불안과 자립에 관하여 설명한다. </p><p>&nbsp; 갑작스레 어른들의 사회로 던져진 채 느껴야하는 낯설은 감정과 다시는 올 것 같지 않은 사랑에 대한 고민, 직장내에서의 인간관계와 자신의 욕망에 충실하게 대하는 방법 등을 정신과 의사인 저자가 심리학적으로 35가지 테마로 나눠 조언한다. </p><br><p></p>\r\n+<p><img src=\"http://192.168.0.149:8080/resources/upload/tmp/135393315054830age2.jpg/\"></p><p><p>&nbsp; ‘내 인생, 도대체 뭐가 문제인 걸까? 진정 내가 원하는 것은 무엇일까? 내게도 다시 사랑이 올까?\' </p><p>  &nbsp;  </p><p>&nbsp; 서른살의 삶과 사랑, 일에 관하여 이야기한『서른살이 심리학에게 묻다』. 이 책은 인생의 전환기인 30대에 들어선 젊은이들이 느끼는 불안과 자립에 관하여 설명한다. </p><p>  &nbsp;  </p><p>갑작스레 어른들의 사회로 던져진 채 느껴야하는 낯설은 감정과 다시는 올 것 같지 않은 사랑에 대한 고민, 직장내에서의 인간관계와 자신의 욕망에 충실하게 대하는 방법 등을 정신과 의사인 저자가 심리학적으로 35가지 테마로 나눠 조언한다. </p><br></p>\n'),(35,2,''),(36,1,''),(37,1,''),(38,1,'--- null\n+++ null\n@@ -1,1 +1,1 @@\n-<p><img style=\"width: 253.026px; height: 383px; cursor: nw-resize;\" src=\"http://192.168.0.149:8080/resources/upload/tmp/135393329974230age3.jpg/\"></p><p></p><p>&nbsp; <b>선택의 갈림길에서 고민하는 사람들을 위한 행복의 지혜! </b></p><p>&nbsp; 사람은 무엇으로 행복을 얻는가『선택의 조건』. 독일의 촉망받는 저널리스트이자 심리학자이며 베스트셀러 작가인 저자 바스 카스트가 심리학, 뇌과학, 사회학, 정치학, 경제학 등 여러 분야의 풍성한 연구 결과를 바탕으로 현대인들이 실제로 현실 속에서 겪고 있는 삶의 역설에 대해 공감대 있는 문제를 제시하였다. 너무나 많은 선택지로 인해 딜레마에 빠지는, 남들보다 더 많이 갖기 위해 스트레스에 시달리는 ‘불안한 세대’인 독자들에게 이미 와 있는 특권인 행복을 어떻게 하면 잘 선택할 수 있는지에 대한 놀라운 통찰을 전한다. </p><p>&nbsp; 이 책은 잠언서가 전하는 인생 코칭의 연장선상에서 논리적이고 역설적인 방법으로 보다 자유롭고 행복한 삶을 살 수 있는 현명한 방법론을 소개한다. 수많은 선택 가능성 기회 속에 숨겨진 결정의 딜레마에 대해 논하고, 물질적 부가 가져온 외로움의 그늘, 바쁜 일상이 불러오는 불안 심리와 스트레스 등 현대인이 살면서 고스란히 느끼고 있는 삶, 그 이면에 깔린 문제점들을 생생하고 흥미롭게 풀어냈다. </p><br><p></p>\r\n+<p><img src=\"http://192.168.0.149:8080/resources/upload/tmp/135393329974230age3.jpg/\"></p><p><p>&nbsp; <b>선택의 갈림길에서 고민하는 사람들을 위한 행복의 지혜! </b></p><p>&nbsp; 사람은 무엇으로 행복을 얻는가『선택의 조건』. 독일의 촉망받는 저널리스트이자 심리학자이며 베스트셀러 작가인 저자 바스 카스트가 심리학, 뇌과학, 사회학, 정치학, 경제학 등 여러 분야의 풍성한 연구 결과를 바탕으로 현대인들이 실제로 현실 속에서 겪고 있는 삶의 역설에 대해 공감대 있는 문제를 제시하였다. 너무나 많은 선택지로 인해 딜레마에 빠지는, 남들보다 더 많이 갖기 위해 스트레스에 시달리는 ‘불안한 세대’인 독자들에게 이미 와 있는 특권인 행복을 어떻게 하면 잘 선택할 수 있는지에 대한 놀라운 통찰을 전한다. </p><p>&nbsp; 이 책은 잠언서가 전하는 인생 코칭의 연장선상에서 논리적이고 역설적인 방법으로 보다 자유롭고 행복한 삶을 살 수 있는 현명한 방법론을 소개한다. 수많은 선택 가능성 기회 속에 숨겨진 결정의 딜레마에 대해 논하고, 물질적 부가 가져온 외로움의 그늘, 바쁜 일상이 불러오는 불안 심리와 스트레스 등 현대인이 살면서 고스란히 느끼고 있는 삶, 그 이면에 깔린 문제점들을 생생하고 흥미롭게 풀어냈다. </p><br></p>\n'),(38,2,''),(39,1,''),(40,1,'--- null\n+++ null\n@@ -1,1 +1,1 @@\n-<p></p><p></p><p>&nbsp;<b> <p><img src=\"http://192.168.0.149:8080/resources/upload/tmp/135393345201020age2.jpg/\"></p><br></b></p><p><b>&nbsp; 기존의 담론들이 다루지 못했던 우리 시대 청춘의 구석구석을 파헤친 책! </b></p><p><b>&nbsp; 폭넓은 인문학적 통찰 속에서 ‘현대’와 함께 청춘의 해답을 찾아나간다 </b></p><p>  &nbsp;  </p><p>&nbsp; 우리 시대 청춘의 삶과 언어를 분석하고, 그 이면에 깔린 현실 논리를 인문학적으로 탐구한 청춘의 책<font color=\"#e36c09\">『청춘인문학</font>』. 이 책은 청춘에 대한 온갖 말들이 쏟아짐에도, 여전히 방황하고 머뭇거리는 청춘들에게 ‘생각의 중심’과 ‘인식의 지도’를 선물한다. 『청춘인문학』은 현재 한국과 청춘, 현대, 현실, 삶의 문제를 폭넓게 분석하여, 모든 것이 모호하고 불안한 시대에 살고 있는 청춘에게 힘과 언어, 관점과 삶을 되돌려준다.</p><p>『청춘인문학』은 근래에 범람하고 있는 자기 계발서, 청춘 멘토들, 정치·사회적 비판가들이랑은 다른 길을 걷는다. 이 책에서는 현실에 열심히 뛰어드는 것이 답이라고도, 따뜻한 위로와 달콤한 위안이 답이라고도, 정치를 통해 사회를 뒤엎는 것만이 답이라고도 말하지 않는다. 그 대신 지금 청춘을 살고 있는 한 젊은이의 입장에서 ‘이 하나뿐인 청춘과 삶을 어떻게 살아나가야 할 것인가’에 대한 답을 찾아나간다.</p><br><p></p>\r\n+<p><img src=\"http://192.168.0.149:8080/resources/upload/tmp/135393335143230age2.jpg/\"></p><p><p>&nbsp;<b> 기존의 담론들이 다루지 못했던 우리 시대 청춘의 구석구석을 파헤친 책! </b></p><p><b>&nbsp; 폭넓은 인문학적 통찰 속에서 ‘현대’와 함께 청춘의 해답을 찾아나간다 </b></p><p>  &nbsp;  </p><p>&nbsp; 우리 시대 청춘의 삶과 언어를 분석하고, 그 이면에 깔린 현실 논리를 인문학적으로 탐구한 청춘의 책<font color=\"#e36c09\">『청춘인문학</font>』. 이 책은 청춘에 대한 온갖 말들이 쏟아짐에도, 여전히 방황하고 머뭇거리는 청춘들에게 ‘생각의 중심’과 ‘인식의 지도’를 선물한다. 『청춘인문학』은 현재 한국과 청춘, 현대, 현실, 삶의 문제를 폭넓게 분석하여, 모든 것이 모호하고 불안한 시대에 살고 있는 청춘에게 힘과 언어, 관점과 삶을 되돌려준다.</p><p>『청춘인문학』은 근래에 범람하고 있는 자기 계발서, 청춘 멘토들, 정치·사회적 비판가들이랑은 다른 길을 걷는다. 이 책에서는 현실에 열심히 뛰어드는 것이 답이라고도, 따뜻한 위로와 달콤한 위안이 답이라고도, 정치를 통해 사회를 뒤엎는 것만이 답이라고도 말하지 않는다. 그 대신 지금 청춘을 살고 있는 한 젊은이의 입장에서 ‘이 하나뿐인 청춘과 삶을 어떻게 살아나가야 할 것인가’에 대한 답을 찾아나간다.</p><br></p>\n'),(40,2,'--- null\n+++ null\n@@ -1,1 +1,1 @@\n-<p></p><p></p><p>&nbsp;<b> </b></p><p><b><img style=\"width: 261.49px; height: 383px; cursor: nw-resize;\" src=\"http://192.168.0.149:8080/resources/upload/tmp/135393345201020age2.jpg/\"></b></p><b><br></b><p></p><p><b>&nbsp; 기존의 담론들이 다루지 못했던 우리 시대 청춘의 구석구석을 파헤친 책! </b></p><p><b>&nbsp; 폭넓은 인문학적 통찰 속에서 ‘현대’와 함께 청춘의 해답을 찾아나간다 </b></p><p>  &nbsp;  </p><p>&nbsp; 우리 시대 청춘의 삶과 언어를 분석하고, 그 이면에 깔린 현실 논리를 인문학적으로 탐구한 청춘의 책<font color=\"#e36c09\">『청춘인문학</font>』. 이 책은 청춘에 대한 온갖 말들이 쏟아짐에도, 여전히 방황하고 머뭇거리는 청춘들에게 ‘생각의 중심’과 ‘인식의 지도’를 선물한다. 『청춘인문학』은 현재 한국과 청춘, 현대, 현실, 삶의 문제를 폭넓게 분석하여, 모든 것이 모호하고 불안한 시대에 살고 있는 청춘에게 힘과 언어, 관점과 삶을 되돌려준다.</p><p>『청춘인문학』은 근래에 범람하고 있는 자기 계발서, 청춘 멘토들, 정치·사회적 비판가들이랑은 다른 길을 걷는다. 이 책에서는 현실에 열심히 뛰어드는 것이 답이라고도, 따뜻한 위로와 달콤한 위안이 답이라고도, 정치를 통해 사회를 뒤엎는 것만이 답이라고도 말하지 않는다. 그 대신 지금 청춘을 살고 있는 한 젊은이의 입장에서 ‘이 하나뿐인 청춘과 삶을 어떻게 살아나가야 할 것인가’에 대한 답을 찾아나간다.</p><br><p></p>\r\n+<p></p><p></p><p>&nbsp;<b> <p><img src=\"http://192.168.0.149:8080/resources/upload/tmp/135393345201020age2.jpg/\"></p><br></b></p><p><b>&nbsp; 기존의 담론들이 다루지 못했던 우리 시대 청춘의 구석구석을 파헤친 책! </b></p><p><b>&nbsp; 폭넓은 인문학적 통찰 속에서 ‘현대’와 함께 청춘의 해답을 찾아나간다 </b></p><p>  &nbsp;  </p><p>&nbsp; 우리 시대 청춘의 삶과 언어를 분석하고, 그 이면에 깔린 현실 논리를 인문학적으로 탐구한 청춘의 책<font color=\"#e36c09\">『청춘인문학</font>』. 이 책은 청춘에 대한 온갖 말들이 쏟아짐에도, 여전히 방황하고 머뭇거리는 청춘들에게 ‘생각의 중심’과 ‘인식의 지도’를 선물한다. 『청춘인문학』은 현재 한국과 청춘, 현대, 현실, 삶의 문제를 폭넓게 분석하여, 모든 것이 모호하고 불안한 시대에 살고 있는 청춘에게 힘과 언어, 관점과 삶을 되돌려준다.</p><p>『청춘인문학』은 근래에 범람하고 있는 자기 계발서, 청춘 멘토들, 정치·사회적 비판가들이랑은 다른 길을 걷는다. 이 책에서는 현실에 열심히 뛰어드는 것이 답이라고도, 따뜻한 위로와 달콤한 위안이 답이라고도, 정치를 통해 사회를 뒤엎는 것만이 답이라고도 말하지 않는다. 그 대신 지금 청춘을 살고 있는 한 젊은이의 입장에서 ‘이 하나뿐인 청춘과 삶을 어떻게 살아나가야 할 것인가’에 대한 답을 찾아나간다.</p><br><p></p>\r\n'),(40,3,''),(41,1,''),(42,1,'--- null\n+++ null\n@@ -1,1 +1,1 @@\n-<p></p><p><img style=\"cursor: nw-resize; width: 280.297px; height: 378px;\" src=\"http://192.168.0.149:8080/resources/upload/tmp/135393340308220age3.jpg/\"></p><p>&nbsp; 2012년 2월과 5월 두 차례에 걸쳐 tvN<span style=\"color: #e36c09;\"> [스타 특강쇼]</span>에 출연하여 젊은이들에게 여과 없는 독설을 퍼부었던 유수연. 2030 세대들은 그런 그녀를 비난하기보다 오히려 그녀의 독설에 열광한다. 왜일까? 그녀는 취업, 승진, 이직 등의 가장 기본적인 스펙인 토익을 가르치는 스타 강사이다. 그녀는 생존 경쟁의 최전선에서 토익 점수라도 올리려고 좁은 강의실로 몰려드는 2030 세대들과 가장 가까이에서 부대낀다. 그들을 짓누르는 초라한 현실과 출구 없는 고민의 중압감을 누구보다 잘 안다. 한때 그녀도 그들처럼 세상의 중심으로 나아가는 현실의 벽 앞에서 똑같은 고민을 하던 청춘이었기 때문이다.</p><p>  &nbsp;  </p><p>&nbsp; 이 책에서 현실에 굴복하고 고민에 발목 잡힌 채 우물쭈물 주저앉는 오늘의 2030 세대들에게 퍼붓는 유수연의 쓴소리는 ‘꼰대’의 일방적인 훈계가 아니다. 그 쓴소리들은 그녀가 위로를 구하는 대신 자신을 지독하게 몰아붙인 독설이다. 그 독설이 ‘세상의 들러리’에 불과했던 그녀의 청춘을 채찍질하여 ‘세상의 주인공’으로 당당하게 나서게 해주었다. 그래서 그녀의 쌉쌀한 독설은 달콤한 위로보다 강력하고 진실하며, 진정성을 가지고 폭넓은 공감대를 형성한다.</p><br><p></p>\r\n+<p><p><img src=\"http://192.168.0.149:8080/resources/upload/tmp/135393340308220age3.jpg/\"></p><p>&nbsp; 2012년 2월과 5월 두 차례에 걸쳐 tvN<span style=\"color: #e36c09;\"> [스타 특강쇼]</span>에 출연하여 젊은이들에게 여과 없는 독설을 퍼부었던 유수연. 2030 세대들은 그런 그녀를 비난하기보다 오히려 그녀의 독설에 열광한다. 왜일까? 그녀는 취업, 승진, 이직 등의 가장 기본적인 스펙인 토익을 가르치는 스타 강사이다. 그녀는 생존 경쟁의 최전선에서 토익 점수라도 올리려고 좁은 강의실로 몰려드는 2030 세대들과 가장 가까이에서 부대낀다. 그들을 짓누르는 초라한 현실과 출구 없는 고민의 중압감을 누구보다 잘 안다. 한때 그녀도 그들처럼 세상의 중심으로 나아가는 현실의 벽 앞에서 똑같은 고민을 하던 청춘이었기 때문이다.</p><p>  &nbsp;  </p><p>&nbsp; 이 책에서 현실에 굴복하고 고민에 발목 잡힌 채 우물쭈물 주저앉는 오늘의 2030 세대들에게 퍼붓는 유수연의 쓴소리는 ‘꼰대’의 일방적인 훈계가 아니다. 그 쓴소리들은 그녀가 위로를 구하는 대신 자신을 지독하게 몰아붙인 독설이다. 그 독설이 ‘세상의 들러리’에 불과했던 그녀의 청춘을 채찍질하여 ‘세상의 주인공’으로 당당하게 나서게 해주었다. 그래서 그녀의 쌉쌀한 독설은 달콤한 위로보다 강력하고 진실하며, 진정성을 가지고 폭넓은 공감대를 형성한다.</p><br></p>\n'),(42,2,''),(43,1,'--- null\n+++ null\n@@ -3,5 +3,1 @@\n-</p>\n-<p></p>\n-<p><img src=\"http://192.168.0.149:8080/resources/upload/tmp/13539334566035403774989.20120211210113.jpg/\" style=\"\"></p>\n-<br><p></p>\n-<p>몸을청결하게유지하고피부나모발을건강하게하는데필요한화장품.</p>\n+<p><p><img src=\"http://192.168.0.149:8080/resources/upload/tmp/13539334566035403774989.20120211210113.jpg/\"></p><br></p><p>몸을청결하게유지하고피부나모발을건강하게하는데필요한화장품.</p>\r\n@@ -9,0 +5,1 @@\n+<p>지방유나유랍중의하나와물을계면활성제(보통유화제라한다)로유화시켜원료와전혀다른품질형체로만든제품의총칭이다. 화장용크림류를사용목적및내용원료로대별하면, 유분이많은콜드, 즉클린싱타입의유성크림과비교적유분이적은배니싱타입의크림, 보통중성크림이라불리며애용되는, 양자의중간에해당되는하이지닉타입의크림등3계통이있다.</p>\r\n@@ -10,1 +7,1 @@\n-<p>지방유나유랍중의하나와물을계면활성제(보통유화제라한다)로유화시켜원료와전혀다른품질형체로만든제품의총칭이다. 화장용크림류를사용목적및내용원료로대별하면, 유분이많은콜드, 즉클린싱타입의유성크림과비교적유분이적은배니싱타입의크림, 보통중성크림이라불리며애용되는, 양자의중간에해당되는하이지닉타입의크림등3계통이있다.</p>\n+<p>① 콜드크림:청정작용을주목적으로하는콜드타입의것은유동파라핀이나흰색바셀린등광물성유랍을주로하여동물성유지와물을넣고유화시킨것이다. 피부표면에오래머물러있던먼지가땀이나피지와엉겨서강하게부착한경우나세숫비누로는떨어지지않는메이크업화장료등을씻어낼때쓰는외에마사지용, 무대화장의기초화장료로도이용되며, 이용범위가넓은크림이다. 모발의영양을겸한정발료인헤어크림도이에속한다.</p>\r\n@@ -12,0 +9,1 @@\n+<p>② 배니싱크림: 배니싱타입의크림은스테아르산·세탄올·경랍·정제라놀린등동물성유지에글리세롤·프로필렌글리콜·소르비톨등피부유연활달제를첨가한것이다. 4계절의기온변화나오염등외계의자극으로부터민감한피부를보호하고, 매끄럽게유지하며, 윤기있는피부로간직하기위해필요한크림이다. 화장용로션종류도내용·품질면에서보면배니싱타입에속한다.</p>\r\n@@ -13,1 +11,1 @@\n-<p><br></p>\n+<p>③ 하이지닉크림: 하이지닉타입의크림은양자의중간적인원료배합을한크림이나, 앞에서든동물성유지이외에스크아란·아몬드유·올리브유·라놀린알코올등직접피부의영양이될수있는원료유를많이함유한것이보통이며, 때로는여성호르몬등을첨가한것도있다. 일반적으로너리싱크림(영양크림) ·에멀리언트크림이라하는것으로, 중년이상의노화피부에상용한다. 그밖에염색·탈색·콜드퍼머넌트등으로상한모발을보호하거나, 끊어지거나갈라지는머리털에영양을주기위하여사용되는헤어트리트먼트크림류도이에속한다.</p>\r\n@@ -15,0 +13,1 @@\n+<p>실제로시판되는크림류는이상의어느한타입에는꼭속하지만, 조합향료의차이를비롯하여원료면에서도각각의특징을드러내기위하여기본원료이외의원료를추가하는것이보통이다. 그러나그제품에실제적인가치를부가하는것은유화기술이다. 크림류를선택할때주의할것은사용했을때피부에자극을주거나묵직한부담감을느끼게하는것은피부에맞지않는다는것을알아둔다. </p>\r\n@@ -16,11 +15,1 @@\n-<p>② 배니싱크림: 배니싱타입의크림은스테아르산·세탄올·경랍·정제라놀린등동물성유지에글리세롤·프로필렌글리콜·소르비톨등피부유연활달제를첨가한것이다. 4계절의기온변화나오염등외계의자극으로부터민감한피부를보호하고, 매끄럽게유지하며, 윤기있는피부로간직하기위해필요한크림이다. 화장용로션종류도내용·품질면에서보면배니싱타입에속한다.</p>\n-\r\n-\r\n-<p>③ 하이지닉크림: 하이지닉타입의크림은양자의중간적인원료배합을한크림이나, 앞에서든동물성유지이외에스크아란·아몬드유·올리브유·라놀린알코올등직접피부의영양이될수있는원료유를많이함유한것이보통이며, 때로는여성호르몬등을첨가한것도있다. 일반적으로너리싱크림(영양크림) ·에멀리언트크림이라하는것으로, 중년이상의노화피부에상용한다. 그밖에염색·탈색·콜드퍼머넌트등으로상한모발을보호하거나, 끊어지거나갈라지는머리털에영양을주기위하여사용되는헤어트리트먼트크림류도이에속한다.</p>\n-\r\n-\r\n-<p>실제로시판되는크림류는이상의어느한타입에는꼭속하지만, 조합향료의차이를비롯하여원료면에서도각각의특징을드러내기위하여기본원료이외의원료를추가하는것이보통이다. 그러나그제품에실제적인가치를부가하는것은유화기술이다. 크림류를선택할때주의할것은사용했을때피부에자극을주거나묵직한부담감을느끼게하는것은피부에맞지않는다는것을알아둔다. </p>\n-\r\n-\r\n-<br><p></p>\n-\r\n+<br></p>\n'),(43,2,'--- null\n+++ null\n@@ -4,1 +4,0 @@\n-\r\n@@ -6,3 +5,0 @@\n-\r\n-<p>ddfdff</p>\n-<p><br></p>\n@@ -10,1 +6,0 @@\n-\r\n@@ -12,1 +7,0 @@\n-\r\n@@ -16,1 +10,0 @@\n-\r\n@@ -20,1 +13,0 @@\n-\r\n@@ -24,1 +16,0 @@\n-\r\n@@ -28,1 +19,0 @@\n-\r\n@@ -32,1 +22,0 @@\n-\r\n@@ -36,1 +25,0 @@\n-\r\n'),(43,3,'--- null\n+++ null\n@@ -5,1 +5,0 @@\n-\r\n@@ -8,1 +7,0 @@\n-\r\n@@ -11,4 +9,0 @@\n-<p>네번째</p>\n-\r\n-<p><br></p>\n-\r\n@@ -17,1 +11,0 @@\n-\r\n@@ -20,1 +13,0 @@\n-\r\n@@ -25,1 +17,0 @@\n-\r\n@@ -30,1 +21,0 @@\n-\r\n@@ -35,1 +25,0 @@\n-\r\n@@ -40,1 +29,0 @@\n-\r\n@@ -45,1 +33,0 @@\n-\r\n@@ -50,1 +37,0 @@\n-\r\n'),(43,4,'--- null\n+++ null\n@@ -6,1 +6,0 @@\n-\r\n@@ -10,1 +9,0 @@\n-\r\n@@ -12,3 +10,1 @@\n-\r\n-<p>ㅇㅇㅇ</p>\n-\r\n+<p><br></p>\n@@ -17,1 +13,0 @@\n-\r\n@@ -20,1 +15,0 @@\n-\r\n@@ -24,1 +18,0 @@\n-\r\n@@ -28,1 +21,0 @@\n-\r\n@@ -34,1 +26,0 @@\n-\r\n@@ -40,1 +31,0 @@\n-\r\n@@ -46,1 +36,0 @@\n-\r\n@@ -52,1 +41,0 @@\n-\r\n@@ -58,1 +46,0 @@\n-\r\n@@ -64,1 +51,0 @@\n-\r\n'),(43,5,'--- null\n+++ null\n@@ -7,1 +7,0 @@\n-\r\n@@ -12,0 +11,1 @@\n+<p>ddfdff</p>\n@@ -13,1 +13,1 @@\n-<p><br></p>\n+<p>ㅇㅇㅇ</p>\n@@ -15,0 +15,1 @@\n+<p>네번째</p>\n@@ -17,1 +18,1 @@\n-<p><img src=\"http://192.168.0.149:8080/resources/upload/tmp/13539334566035403774989.20120211210113.jpg/\" style=\"\"></p>\n+<p><br></p>\n@@ -20,0 +21,1 @@\n+<p><img src=\"http://192.168.0.149:8080/resources/upload/tmp/13539334566035403774989.20120211210113.jpg/\" style=\"\"></p>\n@@ -22,0 +24,1 @@\n+\r\n@@ -26,1 +29,0 @@\n-\r\n@@ -33,1 +35,0 @@\n-\r\n@@ -40,1 +41,0 @@\n-\r\n@@ -47,1 +47,0 @@\n-\r\n@@ -54,1 +53,0 @@\n-\r\n@@ -61,1 +59,0 @@\n-\r\n@@ -68,1 +65,0 @@\n-\r\n'),(43,6,''),(44,1,'--- null\n+++ null\n@@ -1,1 +1,1 @@\n-<p></p><p><img style=\"width: 218.969px; height: 323px; cursor: nw-resize;\" src=\"http://192.168.0.149:8080/resources/upload/tmp/135393348000120age4.jpg/\"></p><p>&nbsp; 일본 최고의 베스트셀러 작가이자 컨설턴트, 그리고 스스로 책과는 담을 쌓았던 저자가 말하는 인생을 변화시키는 청춘의 공부법, 독서법. 독서 방법론과 동기부여를 결합시킨 독특한 컨셉의 책이다. 고등학교 시절까지 단 한 권의 책도 읽은 적이 없을 만큼 책과는 담을 쌓았던 저자가 책에 관심을 붙이기까지의 경험담, 지루한 숙제처럼 책을 읽는 대신 자신만의 습관과 희열을 통해 책을 재미있게 읽는 법, 각 장르의 다양한 책을 고르고 취하는 방법 등 80가지 청춘들을 위한 독서법이 인상적이다.</p><br><p></p>\r\n+<p><p><img src=\"http://192.168.0.149:8080/resources/upload/tmp/135393348000120age4.jpg/\"></p><p>&nbsp; 일본 최고의 베스트셀러 작가이자 컨설턴트, 그리고 스스로 책과는 담을 쌓았던 저자가 말하는 인생을 변화시키는 청춘의 공부법, 독서법. 독서 방법론과 동기부여를 결합시킨 독특한 컨셉의 책이다. 고등학교 시절까지 단 한 권의 책도 읽은 적이 없을 만큼 책과는 담을 쌓았던 저자가 책에 관심을 붙이기까지의 경험담, 지루한 숙제처럼 책을 읽는 대신 자신만의 습관과 희열을 통해 책을 재미있게 읽는 법, 각 장르의 다양한 책을 고르고 취하는 방법 등 80가지 청춘들을 위한 독서법이 인상적이다.</p><br></p>\n'),(44,2,''),(45,1,'--- null\n+++ null\n@@ -1,1 +1,1 @@\n-@@a12345/13/2##\n+<scrap><div class=\"ref\">출처 : <a href=\"/a12345\">준용이의 지식창고</a> > <a href=\"/a12345/13\">30대 추천도서 - 서른 살이 심리학에게 묻다</a></div><div class=\"contents\"><p><img style=\"width: 273.536px; height: 434px;\" src=\"http://192.168.0.149:8080/resources/upload/tmp/135393315054830age2.jpg/\"></p><p></p><p>&nbsp;<b> ‘내 인생, 도대체 뭐가 문제인 걸까? 진정 내가 원하는 것은 무엇일까? 내게도 다시 사랑이 올까?\' </b></p><p>  &nbsp;  </p><p>&nbsp; 서른살의 삶과 사랑, 일에 관하여 이야기한『서른살이 심리학에게 묻다』. 이 책은 인생의 전환기인 30대에 들어선 젊은이들이 느끼는 불안과 자립에 관하여 설명한다. </p><p>&nbsp; 갑작스레 어른들의 사회로 던져진 채 느껴야하는 낯설은 감정과 다시는 올 것 같지 않은 사랑에 대한 고민, 직장내에서의 인간관계와 자신의 욕망에 충실하게 대하는 방법 등을 정신과 의사인 저자가 심리학적으로 35가지 테마로 나눠 조언한다. </p><br><p></p>\r</div></scrap>\n'),(45,2,''),(46,1,'--- null\n+++ null\n@@ -1,1 +1,1 @@\n-<p><img style=\"cursor: nw-resize; width: 258.981px; height: 388px;\" src=\"http://192.168.0.149:8080/resources/upload/tmp/135393352789120age5.jpg/\"></p><p></p><p><font color=\"#e36c09\">『20대라면 무조건 써먹는 경제상식』</font>은 취업과 창업, 그리고 경제독립을 앞둔 20대라면 무조건 알아야 하는 경제용어의 정리는 물론, 모르면 당하지만 제대로 알면 돈이 되는 경제상식을 알려준다. 취업을 하고자 한다면 어떤 것을 준비하고 알아 두어야 하는지, 거래와 영수증 관리는 왜 필요하고 어떻게 하면 효과적인지, 사회생활을 위해 기초적으로 알아 두어야 할 법상식은 어떤 것이 있는지, 기업을 이해하는 데 있어 필수적인 것은 어떤 것이 있는지 등 지금 당장 사회생활에서 써먹을 수 있는 경제상식의 모든 것을 담았다. </p><br><p></p>\r\n+<p><img src=\"http://192.168.0.149:8080/resources/upload/tmp/135393352789120age5.jpg/\"></p><p><p><font color=\"#e36c09\">『20대라면 무조건 써먹는 경제상식』</font>은 취업과 창업, 그리고 경제독립을 앞둔 20대라면 무조건 알아야 하는 경제용어의 정리는 물론, 모르면 당하지만 제대로 알면 돈이 되는 경제상식을 알려준다. 취업을 하고자 한다면 어떤 것을 준비하고 알아 두어야 하는지, 거래와 영수증 관리는 왜 필요하고 어떻게 하면 효과적인지, 사회생활을 위해 기초적으로 알아 두어야 할 법상식은 어떤 것이 있는지, 기업을 이해하는 데 있어 필수적인 것은 어떤 것이 있는지 등 지금 당장 사회생활에서 써먹을 수 있는 경제상식의 모든 것을 담았다. </p><br></p>\n'),(46,2,''),(47,1,'--- null\n+++ null\n@@ -1,1 +1,1 @@\n-<p><img style=\"width: 235.711px; height: 318px; cursor: nw-resize;\" src=\"http://192.168.0.149:8080/resources/upload/tmp/135393355884120age6.jpg/\"></p><p></p><p><b>&nbsp; 생각병을 치유하다! </b></p><p>&nbsp; 일본 쓰키요미지 주지 스님으로 일반인을 위한 좌선 지도를 해온 코이케 류노스케의 『생각 버리기 연습』. 뇌의 역할을 지나치게 강조하고 감사하게 여기는 풍조를 뒤엎을 \'휴뇌법\'을 공개한다. \'생각 버리기 연습\'을 통해 우리를 끝없이 괴롭히는 잡념의 정체를 밝혀, 그것을 완전히 없애는 방법을 배울 수 있다. \'말하기\'부터 \'기르기\'까지 8가지 영역으로 나누어 일상생활에서 쉽게 실천하도록 인도한다. 특히 생각하지 않고 오감으로 느낌으로써 어지러운 마음을 서서히 사라지게 하도록 이끌고 있다. 뇌를 쉬게 할 뿐 아니라, 충전하여 날카로움과 명철함으로 가득한 새로운 세계로 들어서게 될 것이다. </p><p>  &nbsp;  </p><br><p></p>\r\n+<p><img src=\"http://192.168.0.149:8080/resources/upload/tmp/135393355884120age6.jpg/\"></p><p><p><b>&nbsp; 생각병을 치유하다! </b></p><p>&nbsp; 일본 쓰키요미지 주지 스님으로 일반인을 위한 좌선 지도를 해온 코이케 류노스케의 『생각 버리기 연습』. 뇌의 역할을 지나치게 강조하고 감사하게 여기는 풍조를 뒤엎을 \'휴뇌법\'을 공개한다. \'생각 버리기 연습\'을 통해 우리를 끝없이 괴롭히는 잡념의 정체를 밝혀, 그것을 완전히 없애는 방법을 배울 수 있다. \'말하기\'부터 \'기르기\'까지 8가지 영역으로 나누어 일상생활에서 쉽게 실천하도록 인도한다. 특히 생각하지 않고 오감으로 느낌으로써 어지러운 마음을 서서히 사라지게 하도록 이끌고 있다. 뇌를 쉬게 할 뿐 아니라, 충전하여 날카로움과 명철함으로 가득한 새로운 세계로 들어서게 될 것이다. </p><p>  &nbsp;  </p><br></p>\n'),(47,2,''),(48,1,'--- null\n+++ null\n@@ -1,1 +1,1 @@\n-<p><img style=\"width: 257.111px; height: 377px; cursor: nw-resize;\" src=\"http://192.168.0.149:8080/resources/upload/tmp/135393359103820age7.jpg/\"></p><p></p><p>&nbsp;<b> 인생에서의 마법은 끝이 있다는 것을 의식하는 순간부터 시작된다! </b></p><p>&nbsp; 스물아홉 생일로부터 1년간의 치열한 기록을 담은 하야마 아마리의 자전적 에세이<font color=\"#e36c09\">『스물아홉 생일, 1년 후 죽기로 결심했다』</font>. 이 작품은 스물아홉의 나이에 스스로 1년의 시한부 인생을 선고할 수밖에 없었던 저자의 이야기를 담은 책이다. 변변한 직장도 없고, 애인에게는 버림받았으며, 못생긴 데다 73킬로그램이 넘는 외톨이였던 저자는 혼자만의 우울한 스물아홉 생일을 보내던 중 깜깜한 터널과도 같은 인생에 절망하며 자살을 결심한다. 그러나 죽을 용기마저 내지 못하고, 그런 자신의 모습에 좌절하며 텔레비전 화면에 무심코 시선을 던진 저자는 눈앞에 펼쳐진 너무도 아름다운 세계, 라스베이거스에서 최고로 멋진 순간을 맛본 뒤에 죽으리라 결심하고 1년의 시한부 인생을 선고한다. 절망에 빠져 있을 때는 혼자만 힘들다는 생각에 괴로워했지만 1년의 치열한 삶을 통해 사실은 그렇지 않다는 깨달음을 얻었다고 이야기하며, 죽음을 주시하며 살아가는 인간이 갖는 놀라운 힘을 보여준다.</p><br><p></p>\r\n+<p><img src=\"http://192.168.0.149:8080/resources/upload/tmp/135393359103820age7.jpg/\"></p><p><p>&nbsp;<b> 인생에서의 마법은 끝이 있다는 것을 의식하는 순간부터 시작된다! </b></p><p>&nbsp; 스물아홉 생일로부터 1년간의 치열한 기록을 담은 하야마 아마리의 자전적 에세이<font color=\"#e36c09\">『스물아홉 생일, 1년 후 죽기로 결심했다』</font>. 이 작품은 스물아홉의 나이에 스스로 1년의 시한부 인생을 선고할 수밖에 없었던 저자의 이야기를 담은 책이다. 변변한 직장도 없고, 애인에게는 버림받았으며, 못생긴 데다 73킬로그램이 넘는 외톨이였던 저자는 혼자만의 우울한 스물아홉 생일을 보내던 중 깜깜한 터널과도 같은 인생에 절망하며 자살을 결심한다. 그러나 죽을 용기마저 내지 못하고, 그런 자신의 모습에 좌절하며 텔레비전 화면에 무심코 시선을 던진 저자는 눈앞에 펼쳐진 너무도 아름다운 세계, 라스베이거스에서 최고로 멋진 순간을 맛본 뒤에 죽으리라 결심하고 1년의 시한부 인생을 선고한다. 절망에 빠져 있을 때는 혼자만 힘들다는 생각에 괴로워했지만 1년의 치열한 삶을 통해 사실은 그렇지 않다는 깨달음을 얻었다고 이야기하며, 죽음을 주시하며 살아가는 인간이 갖는 놀라운 힘을 보여준다.</p><br></p>\n'),(48,2,''),(49,1,'--- null\n+++ null\n@@ -2,2 +2,1 @@\n-<p>제 2조 JINBO (JINBO Is Not Blog) Service</p>\n-\r\n+<p>제 2조 JINBO (JINBO Is Not Blog) Service</p>\r\n@@ -5,2 +4,1 @@\n-</p>\n-<ul>\r\n+</p><ul>\r\n@@ -9,2 +7,1 @@\n-<p>&nbsp; 최근 Client 측 프로그래밍에 대한 필요성이 대두되며 Javascript나 HTML5 같은 다양한 Front End 기술들이 나날이 발전하고 있다. 또한 스마트폰을 시작으로 태블릿 PC에 이르기 까지 다양한 모바일 환경이 등장하며 사용자들의 UX 또한 많은 변화를 가지고 오고 있다.</p>\n-\r\n+<p>&nbsp; 최근 Client 측 프로그래밍에 대한 필요성이 대두되며 Javascript나 HTML5 같은 다양한 Front End 기술들이 나날이 발전하고 있다. 또한 스마트폰을 시작으로 태블릿 PC에 이르기 까지 다양한 모바일 환경이 등장하며 사용자들의 UX 또한 많은 변화를 가지고 오고 있다.</p>\r\n@@ -12,3 +9,1 @@\n-</p>\n-<p>&nbsp; 이러한 환경 속에서 자신의 생각을 타인과 공유하기 위한 매체로 실시간적이고 짧은 글 위주의 Twitter, Facebook 같은 Social Network Service가 인기를 끌고 있지만, 여전히 자신의 관심 주제에 대한 글을 모아놓을 수 있는 블로그 서비스를 이용하는 사용자가 많다. 하지만 블로그의 관심 주제에 대한 글을 생산/소비하는 형태에 대해서 과거와 현재 별다른 변화를 가져오지 않고 있다.</p>\n-\r\n+</p><p>&nbsp; 이러한 환경 속에서 자신의 생각을 타인과 공유하기 위한 매체로 실시간적이고 짧은 글 위주의 Twitter, Facebook 같은 Social Network Service가 인기를 끌고 있지만, 여전히 자신의 관심 주제에 대한 글을 모아놓을 수 있는 블로그 서비스를 이용하는 사용자가 많다. 하지만 블로그의 관심 주제에 대한 글을 생산/소비하는 형태에 대해서 과거와 현재 별다른 변화를 가져오지 않고 있다.</p>\r\n@@ -16,3 +11,1 @@\n-</p>\n-<p>&nbsp; 블로그가 관심 주제에 대한 글들을 모아두었기 때문에, 해당 블로그를 방문한 사용자는 좀 더 쉽게 마음에 드는 포스트에 대한 글을 내 블로그에 포스팅할 수 있어야 하며, 또한 블로그 관리자는 내 글의 변경 내역들을 관리하여 줌으로써 과거에서 현재로의 변경내역을 비교할 수 있을 뿐만 아니라 과거 버전의 글을 확인할 수 있도록 JINBO 를 개발하게 되었다.</p>\n-\r\n+</p><p>&nbsp; 블로그가 관심 주제에 대한 글들을 모아두었기 때문에, 해당 블로그를 방문한 사용자는 좀 더 쉽게 마음에 드는 포스트에 대한 글을 내 블로그에 포스팅할 수 있어야 하며, 또한 블로그 관리자는 내 글의 변경 내역들을 관리하여 줌으로써 과거에서 현재로의 변경내역을 비교할 수 있을 뿐만 아니라 과거 버전의 글을 확인할 수 있도록 JINBO 를 개발하게 되었다.</p>\r\n@@ -20,3 +13,1 @@\n-</p>\n-<p>&nbsp; JINBO는 타인의 글을 참조하며 관심있는 주제에 대한 글을 작성하는데 있어서 기존의 블로그에 비해 좀 더 편의성을 제공하여 생산력을 높일 뿐만 아니라, 글을 수정하며 변경된 내역을 버전별로 관리하여 글을 정제해나가며 변경된 내역을 비교할 수 있으며, 과거 버전의 글을 확인할 수도 있게 개발하였다.&nbsp;</p>\n-\r\n+</p><p>&nbsp; JINBO는 타인의 글을 참조하며 관심있는 주제에 대한 글을 작성하는데 있어서 기존의 블로그에 비해 좀 더 편의성을 제공하여 생산력을 높일 뿐만 아니라, 글을 수정하며 변경된 내역을 버전별로 관리하여 글을 정제해나가며 변경된 내역을 비교할 수 있으며, 과거 버전의 글을 확인할 수도 있게 개발하였다.&nbsp;</p>\r\n@@ -24,4 +15,2 @@\n-</p>\n-<p>\r\n-</p>\n-<ul>\r\n+</p><p>\r\n+</p><ul>\r\n@@ -36,4 +25,2 @@\n-</p>\n-<p>\r\n-</p>\n-<ul>\r\n+</p><p>\r\n+</p><ul>\r\n@@ -42,2 +29,1 @@\n-<p>게시판 형태의 Web 기반 서비스</p>\n-\r\n+<p>게시판 형태의 Web 기반 서비스</p>\r\n@@ -45,4 +31,2 @@\n-</p>\n-<p>\r\n-</p>\n-<ul>\r\n+</p><p>\r\n+</p><ul>\r\n@@ -56,1 +40,7 @@\n-</p>\n+</p><p>\r\n+</p><p>- 개발 환경</p>\r\n+<p>OS : Window 7, OS X 10.8.2</p>\r\n+<p>JDK : Java SE 1.6</p>\r\n+<p>WAS : Apache Tomcat 7.0</p>\r\n+<p>Tool : Spring Tool Suite 3.1.0</p>\r\n+<p>Browser : Chrome 23, Firefox 16</p>\r\n@@ -58,20 +48,3 @@\n-</p>\n-<p>- 개발 환경</p>\n-\r\n-<p>OS : Window 7, OS X 10.8.2</p>\n-\r\n-<p>JDK : Java SE 1.6</p>\n-\r\n-<p>WAS : Apache Tomcat 7.0</p>\n-\r\n-<p>Tool : Spring Tool Suite 3.1.0</p>\n-\r\n-<p>Browser : Chrome 23, Firefox 16</p>\n-\r\n-<p>\r\n-</p>\n-<p><br>\r\n-- 조원</p>\n-\r\n-<p>곽영철, 민용기, 최준용, 강현모</p>\n-<br></p>\n+</p><p><br>\r\n+- 조원</p>\r\n+<p>곽영철, 민용기, 최준용, 강현모</p><br></p>\n'),(49,2,'--- null\n+++ null\n@@ -4,1 +4,0 @@\n-\r\n@@ -7,1 +6,0 @@\n-\r\n@@ -13,1 +11,0 @@\n-\r\n@@ -16,1 +13,0 @@\n-\r\n@@ -19,1 +15,0 @@\n-\r\n@@ -22,1 +17,0 @@\n-\r\n@@ -25,1 +19,0 @@\n-\r\n@@ -28,1 +21,0 @@\n-\r\n@@ -31,1 +23,0 @@\n-\r\n@@ -34,1 +25,0 @@\n-\r\n@@ -37,1 +27,0 @@\n-\r\n@@ -48,1 +37,0 @@\n-\r\n@@ -51,1 +39,0 @@\n-\r\n@@ -57,1 +44,0 @@\n-\r\n@@ -60,1 +46,0 @@\n-\r\n@@ -63,1 +48,0 @@\n-\r\n@@ -73,1 +57,0 @@\n-\r\n@@ -76,1 +59,0 @@\n-\r\n@@ -79,1 +61,0 @@\n-\r\n@@ -82,1 +63,0 @@\n-\r\n@@ -85,1 +65,0 @@\n-\r\n@@ -88,1 +67,0 @@\n-\r\n@@ -91,1 +69,0 @@\n-\r\n@@ -94,1 +71,0 @@\n-\r\n@@ -97,1 +73,0 @@\n-\r\n@@ -101,1 +76,0 @@\n-\r\n@@ -103,1 +77,0 @@\n-\r\n@@ -105,1 +78,0 @@\n-\r\n'),(49,3,''),(50,1,'--- null\n+++ null\n@@ -1,1 +1,1 @@\n-<p><img style=\"width: 310.577px; height: 475px; cursor: nw-resize;\" src=\"http://192.168.0.149:8080/resources/upload/tmp/135393375805620age8.jpg/\"></p><p></p><p>&nbsp; <b>장영희 교수가 젊은이들에게 들려준 주옥같은 강연모음집! </b></p><p>&nbsp;<font color=\"#e36c09\"> &lt;문학의 숲을 거닐다&gt;</font>의 저자 장영희의 청춘들을 위한 문학과 인생 강의를 담은 에세이『어떻게 사랑할 것인가』. 평생 소아마비라는 장애를 안고 암 투병이라는 힘든 여정의 삶을 살았지만, 언제나 희망을 잃지 않고 문학을 사랑하고 삶을 사랑하고 무엇보다 제자들을 비롯한 이 땅의 청춘들을 사랑했던 저자가 남긴 사랑과 문학의 이야기를 전하는 책이다. 문학을 사랑했던 성공한 사람들의 이야기, 인생을 살면서 힘이 들 때마다 떠올렸던 문학작품 속의 구절, 그리고 글쓰기의 방법과 청춘들에게 주는 시편들을 소개한다. 이와 함께 사회에 첫발을 내딛는 젊은이들, 20대의 여자들에게 들려주는 인생의 메시지와 문학과 함께해온 삶 이야기를 인터뷰 형식으로 엮어 인생을 살아가는데 좋은 지침이 되어준다. </p><br><p></p>\r\n+<p><img src=\"http://192.168.0.149:8080/resources/upload/tmp/135393375805620age8.jpg/\"></p><p><p>&nbsp; <b>장영희 교수가 젊은이들에게 들려준 주옥같은 강연모음집! </b></p><p>&nbsp;<font color=\"#e36c09\"> &lt;문학의 숲을 거닐다&gt;</font>의 저자 장영희의 청춘들을 위한 문학과 인생 강의를 담은 에세이『어떻게 사랑할 것인가』. 평생 소아마비라는 장애를 안고 암 투병이라는 힘든 여정의 삶을 살았지만, 언제나 희망을 잃지 않고 문학을 사랑하고 삶을 사랑하고 무엇보다 제자들을 비롯한 이 땅의 청춘들을 사랑했던 저자가 남긴 사랑과 문학의 이야기를 전하는 책이다. 문학을 사랑했던 성공한 사람들의 이야기, 인생을 살면서 힘이 들 때마다 떠올렸던 문학작품 속의 구절, 그리고 글쓰기의 방법과 청춘들에게 주는 시편들을 소개한다. 이와 함께 사회에 첫발을 내딛는 젊은이들, 20대의 여자들에게 들려주는 인생의 메시지와 문학과 함께해온 삶 이야기를 인터뷰 형식으로 엮어 인생을 살아가는데 좋은 지침이 되어준다. </p><br></p>\n'),(50,2,''),(51,1,''),(52,1,'--- null\n+++ null\n@@ -1,1 +1,1 @@\n-<p><img style=\"cursor: nw-resize; width: 262.266px; height: 388px;\" src=\"http://192.168.0.149:8080/resources/upload/tmp/135393382882230age4.jpg/\"></p><p></p><p>&nbsp; <b>애정 어린 독설로 워킹우먼들의 투지를 일깨우다! </b></p><p>&nbsp; tvN 스타특강쇼 역대 최고 시청률을 이룬 김미경의 독한 코칭<font color=\"#e36c09\">『언니의 독설』</font>. 20년 동안 워킹우먼들을 키워온 스타강사로서, 20명의 직원을 둔 기업 CEO로서, 힘겨운 30대를 10년 먼저 겪은 선배로서, 김미경 원장이 그동안 현장에서 만난 수많은 워킹우먼들의 고민에 명쾌한 해답을 제시하였다. 저자만의 유쾌한 화법으로 불안한 청춘에게 던지는 독설과 뜨거운 응원의 메시지를 고스란히 담아냈다. </p><p>  &nbsp;  </p><p>&nbsp; ‘회사의 남자들을 내 편으로 만드는 법’, ‘똑똑한 여자의 연봉계산법’, ‘직업 객사 하지 않고 커리어에서 승리하는 법’, ‘워킹우먼들이 가난한 남자를 만나야 하는 이유’, ‘남편의 육아나이를 키우는 방법’ 등 실생활에 바로 응용할 수 있는 김미경 원장의 특유의 통찰력과 명쾌한 해답과 ‘남편의 육아 나이 키우기’, ‘남자친구에게 심플하게 답하여 긴 문자 받기’, ‘가짜 돈과 진짜 돈 구분하기’ 등 친언니가 가르쳐 줄만한 섬세한 삶의 지혜를 전한다. </p><br><p></p>\r\n+<p><img src=\"http://192.168.0.149:8080/resources/upload/tmp/135393382882230age4.jpg/\"></p><p><p>&nbsp; <b>애정 어린 독설로 워킹우먼들의 투지를 일깨우다! </b></p><p>&nbsp; tvN 스타특강쇼 역대 최고 시청률을 이룬 김미경의 독한 코칭<font color=\"#e36c09\">『언니의 독설』</font>. 20년 동안 워킹우먼들을 키워온 스타강사로서, 20명의 직원을 둔 기업 CEO로서, 힘겨운 30대를 10년 먼저 겪은 선배로서, 김미경 원장이 그동안 현장에서 만난 수많은 워킹우먼들의 고민에 명쾌한 해답을 제시하였다. 저자만의 유쾌한 화법으로 불안한 청춘에게 던지는 독설과 뜨거운 응원의 메시지를 고스란히 담아냈다. </p><p>  &nbsp;  </p><p>&nbsp; ‘회사의 남자들을 내 편으로 만드는 법’, ‘똑똑한 여자의 연봉계산법’, ‘직업 객사 하지 않고 커리어에서 승리하는 법’, ‘워킹우먼들이 가난한 남자를 만나야 하는 이유’, ‘남편의 육아나이를 키우는 방법’ 등 실생활에 바로 응용할 수 있는 김미경 원장의 특유의 통찰력과 명쾌한 해답과 ‘남편의 육아 나이 키우기’, ‘남자친구에게 심플하게 답하여 긴 문자 받기’, ‘가짜 돈과 진짜 돈 구분하기’ 등 친언니가 가르쳐 줄만한 섬세한 삶의 지혜를 전한다. </p><br></p>\n'),(52,2,''),(52,3,''),(53,1,''),(54,1,'--- null\n+++ null\n@@ -1,1 +1,1 @@\n-<p></p><p><img style=\"width: 267.169px; height: 347px; cursor: nw-resize;\" src=\"http://192.168.0.149:8080/resources/upload/tmp/135393391203130age6.jpg/\"></p><p>&nbsp; <b>서른의 여자, 산으로 삶을 보듬다! </b></p><p>&nbsp; 등산을 통해 삶에서 행복을 발견한 한 여성의 고백을 담은 여행서 <font color=\"#e36c09\">『여자 서른 산이 필요해』</font>. 저자 이송희는 산으로 가는 것은 세상을 떠도는 인간의 언어로부터 격리되는 것이라고 말한다. 이 책에는 서른을 넘기면서 등산을 통해 산과 친해지며 마음의 상처를 어루만져 온 한 여성의 이야기가 담겨 있다. 서울에 흩어져 있는 산들에 대한 정보를 수록하여 마음의 활력을 회복하는 길로 안내한다. 산을 오르며 느낀 내용뿐 아니라 저자가 직접 간 루트가 표시된 지도와 가는 방법, 소요시간, 연계산행, 기타루트까지 상세하게 나와 있어 유용한 지침이 되어줄 것이다. </p><br><p></p>\r\n+<p><p><img src=\"http://192.168.0.149:8080/resources/upload/tmp/135393391203130age6.jpg/\"></p><p>&nbsp; <b>서른의 여자, 산으로 삶을 보듬다! </b></p><p>&nbsp; 등산을 통해 삶에서 행복을 발견한 한 여성의 고백을 담은 여행서 <font color=\"#e36c09\">『여자 서른 산이 필요해』</font>. 저자 이송희는 산으로 가는 것은 세상을 떠도는 인간의 언어로부터 격리되는 것이라고 말한다. 이 책에는 서른을 넘기면서 등산을 통해 산과 친해지며 마음의 상처를 어루만져 온 한 여성의 이야기가 담겨 있다. 서울에 흩어져 있는 산들에 대한 정보를 수록하여 마음의 활력을 회복하는 길로 안내한다. 산을 오르며 느낀 내용뿐 아니라 저자가 직접 간 루트가 표시된 지도와 가는 방법, 소요시간, 연계산행, 기타루트까지 상세하게 나와 있어 유용한 지침이 되어줄 것이다. </p><br></p>\n'),(54,2,''),(55,1,'--- null\n+++ null\n@@ -1,1 +1,1 @@\n-<p><img style=\"cursor: nw-resize; width: 248.82px; height: 354px;\" src=\"http://192.168.0.149:8080/resources/upload/tmp/135393394414730age7.jpg/\"></p><p></p><p>&nbsp;<b> 30대를 후회없이 맞이하고 보내자! </b><br></p><p>&nbsp; 일본 젊은 비즈니스맨에게 가장 사랑받는 리더십 전문가 오구라 히로시의 <font color=\"#e36c09\"><span style=\"color: #e36c09;\"><span style=\"color: #92cddc;\">『서른과 마흔 사이』</span></span></font>. 모든 성공은 서른과 마흔 사이에서 완성됨을 일깨워주면서, 30대에 이루지 못하면 평생 후회하는 70가지를 소개하고 있다. 3만 명에 이르는 20대에서 40대까지의 프로페셔널한 비즈니스맨을 만나 그들의 성공 노하우를 정리한 것이다. 배움의 시절인 20대를 지나 본격적으로 인생이 펼쳐지는 30대를 후회없이 맞이하고 보내는 명쾌한 준비와 전략, 그리고 해답을 얻게 된다. 특히 스스로가 인생의 주체로서 모든 고난과 시련을 당당하게 헤쳐 나가는 프로페셔널을 완성하도록 인도하고 있다. </p><p>  &nbsp;  </p><br><p></p>\r\n+<p><img src=\"http://192.168.0.149:8080/resources/upload/tmp/135393394414730age7.jpg/\"></p><p><p>&nbsp;<b> 30대를 후회없이 맞이하고 보내자! </b><br></p><p>&nbsp; 일본 젊은 비즈니스맨에게 가장 사랑받는 리더십 전문가 오구라 히로시의 <font color=\"#e36c09\"><span style=\"color: #e36c09;\"><span style=\"color: #92cddc;\">『서른과 마흔 사이』</span></span></font>. 모든 성공은 서른과 마흔 사이에서 완성됨을 일깨워주면서, 30대에 이루지 못하면 평생 후회하는 70가지를 소개하고 있다. 3만 명에 이르는 20대에서 40대까지의 프로페셔널한 비즈니스맨을 만나 그들의 성공 노하우를 정리한 것이다. 배움의 시절인 20대를 지나 본격적으로 인생이 펼쳐지는 30대를 후회없이 맞이하고 보내는 명쾌한 준비와 전략, 그리고 해답을 얻게 된다. 특히 스스로가 인생의 주체로서 모든 고난과 시련을 당당하게 헤쳐 나가는 프로페셔널을 완성하도록 인도하고 있다. </p><p>  &nbsp;  </p><br></p>\n'),(55,2,''),(56,1,'--- null\n+++ null\n@@ -1,1 +1,1 @@\n-<p><img style=\"width: 249.694px; height: 388px; cursor: nw-resize;\" src=\"http://192.168.0.149:8080/resources/upload/tmp/135393400191730age8.jpg/\"></p><p></p><p><b>&nbsp; 움베르토 에코 마니아를 위한 세계 최초의 기획 저작집 </b></p><p>  &nbsp;  </p><p><font color=\"#e36c09\">『움베르토 에코 마니아 컬렉션』</font>은 에코의 소설과 동화책을 제외한 철학, 기호학, 문학 이론, 문화 비평, 칼럼 등 50여 년 동안 출간한 대부분의 저서를 담았다. 이 저작집에는 이탈리아와 미국 곳곳을 끈질기게 추적하여, 이탈리아 현지에서도 절판되어 구할 수 없었던 저서까지도 되살려냈다.</p><p>우리 시대에 가장 영향력 있는 사상가라고 해도 지나치지 않을 움베르토 에코는 24세 때부터 저술 작업을 시작해 77세인 현재까지도 글쓰기를 멈추지 않는 열정적인 작가이다. 그의 대표작 「장미의 이름」은 40여 개국 이상의 언어로 번역되어 전 세계 30여 개 대학교에서 명예박사 학위를 받았고, 하버드 대학교와 캐임브리지 대학교에서 강연을 하는 등 학계에서도 인정받는 학자이다.</p><p>제15권 &lt;세상의 바보들에게 웃으면서 화내는 방법&gt;은 웃음의 코드로 풀어가는 비평 에세이다. 에코는 이 책에서 유머 작가가 되고 상대방의 얼을 빼는 논객이 되고 썰렁한 웃음도 마다 않는 익살꾼이 되어 우리가 사는 삶의 실상과 빠른 변화의 시기에 상처받지 않고 살기 위한 처세법을 유쾌하게 이야기한다.</p><br><p></p>\r\n+<p><img src=\"http://192.168.0.149:8080/resources/upload/tmp/135393400191730age8.jpg/\"></p><p><p><b>&nbsp; 움베르토 에코 마니아를 위한 세계 최초의 기획 저작집 </b></p><p>  &nbsp;  </p><p><font color=\"#e36c09\">『움베르토 에코 마니아 컬렉션』</font>은 에코의 소설과 동화책을 제외한 철학, 기호학, 문학 이론, 문화 비평, 칼럼 등 50여 년 동안 출간한 대부분의 저서를 담았다. 이 저작집에는 이탈리아와 미국 곳곳을 끈질기게 추적하여, 이탈리아 현지에서도 절판되어 구할 수 없었던 저서까지도 되살려냈다.</p><p>우리 시대에 가장 영향력 있는 사상가라고 해도 지나치지 않을 움베르토 에코는 24세 때부터 저술 작업을 시작해 77세인 현재까지도 글쓰기를 멈추지 않는 열정적인 작가이다. 그의 대표작 「장미의 이름」은 40여 개국 이상의 언어로 번역되어 전 세계 30여 개 대학교에서 명예박사 학위를 받았고, 하버드 대학교와 캐임브리지 대학교에서 강연을 하는 등 학계에서도 인정받는 학자이다.</p><p>제15권 &lt;세상의 바보들에게 웃으면서 화내는 방법&gt;은 웃음의 코드로 풀어가는 비평 에세이다. 에코는 이 책에서 유머 작가가 되고 상대방의 얼을 빼는 논객이 되고 썰렁한 웃음도 마다 않는 익살꾼이 되어 우리가 사는 삶의 실상과 빠른 변화의 시기에 상처받지 않고 살기 위한 처세법을 유쾌하게 이야기한다.</p><br></p>\n'),(56,2,''),(57,1,'--- null\n+++ null\n@@ -1,7 +1,1 @@\n-<p><p>SK텔레콤이 스마트폰에 밀려 구하기 쉽지 않은 일반폰(피처폰)을 저렴하게 판매한다.<br><br>SK텔레콤은 공식 인터넷 쇼핑몰 `T월드샵`에서 5만~7만원에 삼성전자와 LG전자 피처폰을 판매하고 있다.</p>\n-<p>..............................</p>\n-<p>SK텔레콤은 피처폰 사용을 원하는 알뜰족을 비롯해 기기변경과 번호이동 고객을 위해 상품 판매를 시작했다.<br><br>연초 출시된 LG전자 `와인 샤베트`는 7만원, 지난해 출시된 삼성전자 `와이즈 모던(A240S)`는 5만원이다. 이들 제품은</p>\n-<p>24개월 약정 제품이며 표준요금제로 가입하면 월 평균 총 납부 금액이 1만4000원~1만5000원 수준이다.<br><br>LG전자 와인샤베트폰은 대화형 문자 방식을 채택, 스마트폰처럼 한눈에 상대방과 대화한 내용을 볼 수 있다. 3인치 디스플레이며</p>\n-<p>200만 화소 카메라에 FM라디오, 블루투스 등이 탑재됐다.<br><br><br></p>\n-<p>* 출처 :<a href=\"http://www.etnews.com/news/home_mobile/information/2675187_1483.html\">http://www.etnews.com/news/home_mobile/information/2675187_1483.html</a></p>\n-<br></p>\n+<p><p>SK텔레콤이 스마트폰에 밀려 구하기 쉽지 않은 일반폰(피처폰)을 저렴하게 판매한다.<br><br>SK텔레콤은 공식 인터넷 쇼핑몰 `T월드샵`에서 5만~7만원에 삼성전자와 LG전자 피처폰을 판매하고 있다.</p><p>..............................</p><p>SK텔레콤은 피처폰 사용을 원하는 알뜰족을 비롯해 기기변경과 번호이동 고객을 위해 상품 판매를 시작했다.<br><br>연초 출시된 LG전자 `와인 샤베트`는 7만원, 지난해 출시된 삼성전자 `와이즈 모던(A240S)`는 5만원이다. 이들 제품은</p><p>24개월 약정 제품이며 표준요금제로 가입하면 월 평균 총 납부 금액이 1만4000원~1만5000원 수준이다.<br><br>LG전자 와인샤베트폰은 대화형 문자 방식을 채택, 스마트폰처럼 한눈에 상대방과 대화한 내용을 볼 수 있다. 3인치 디스플레이며</p><p>200만 화소 카메라에 FM라디오, 블루투스 등이 탑재됐다.<br><br><br></p><p>* 출처 :<a href=\"http://www.etnews.com/news/home_mobile/information/2675187_1483.html\">http://www.etnews.com/news/home_mobile/information/2675187_1483.html</a></p><br></p>\n'),(57,2,''),(58,1,''),(59,1,''),(60,1,''),(60,2,''),(61,1,'--- null\n+++ null\n@@ -1,1 +1,1 @@\n-<p></p><p><img style=\"width: 258.02px; height: 379px; cursor: nw-resize;\" src=\"http://192.168.0.149:8080/resources/upload/tmp/135393411847720age9.jpg/\"></p><p><b>&nbsp; 인내와 열정으로 성장한 배우 류승수, 막연한 동경만으로 가려진 배우의 삶의 뒤에 가려진 진짜 인생을 이야기하다! </b></p><p>&nbsp; 열정적이 배우 류승수의 일상과 인생을 담아낸 에세이 <font color=\"#e36c09\">『나 같은 배우 되지마』</font>. 배우라는 화려한 직업 속에 가려진 그들의 진짜 인생은 어떤 것일까? 배우 류승수는 인내와 열정 시행착오와 자기점검을 통해 진정한 배우로 거듭난 자신의 이야기를 담담하게 들려준다. 특히 ‘배우’를 ‘스타’와 혼동하거나 막연하게 환상을 가지고 배우를 바라보는 이들에게 우리나라에서 배우로 살아간다는 것이 어떤 일인지 진솔하게 전한다. </p><p>  &nbsp;  </p><p>&nbsp; 배우 류승수는 군복무를 마친 어느 날 친구의 말 한마디에 배우의 꿈을 갖게 되어 늦은 나이 서울예술대학 연극과에 입학했다. 그는 방송국 공채에 일곱 번이나 도전했지만, 모두 실패하고 연기에 소질이 없다는 말까지 들었지만 오로지 배우가 되기 위기 달렸다. 그 후 &lt;신장개업&gt;, &lt;세이 예스&gt;의 단역을 거쳐 &lt;달마야 놀자&gt;, &lt;놈놈놈&gt;, &lt;겨울연가&gt;, &lt;종합병원2&gt; 등의 작품을 거쳐 우리에게 익숙한 배우가 되었다. </p><p>  &nbsp;  </p><p>&nbsp; 이 책은 오랜 시간을 배우로 살아오며 류승수가 겪었던 에피소드를 총 4장으로 나누어 담고 있다. 1~3장까지는 각 장의 에피소드마다 그가 출연했던 작품에 대한 정보와 영화를 찍으며 그가 겪었던 일들을 소개한다. 마지막으로 4장에서는 배우를 희망하는 이들에게 오랜 시간 배우로 살아오면서 류승수가 겪은 현장 경험과 지식을 전한다. 이 책이 속한 분야</p><p>  &nbsp;  </p><br><p></p>\r\n+<p><p><img src=\"http://192.168.0.149:8080/resources/upload/tmp/135393411847720age9.jpg/\"></p><p><b>&nbsp; 인내와 열정으로 성장한 배우 류승수, 막연한 동경만으로 가려진 배우의 삶의 뒤에 가려진 진짜 인생을 이야기하다! </b></p><p>&nbsp; 열정적이 배우 류승수의 일상과 인생을 담아낸 에세이 <font color=\"#e36c09\">『나 같은 배우 되지마』</font>. 배우라는 화려한 직업 속에 가려진 그들의 진짜 인생은 어떤 것일까? 배우 류승수는 인내와 열정 시행착오와 자기점검을 통해 진정한 배우로 거듭난 자신의 이야기를 담담하게 들려준다. 특히 ‘배우’를 ‘스타’와 혼동하거나 막연하게 환상을 가지고 배우를 바라보는 이들에게 우리나라에서 배우로 살아간다는 것이 어떤 일인지 진솔하게 전한다. </p><p>  &nbsp;  </p><p>&nbsp; 배우 류승수는 군복무를 마친 어느 날 친구의 말 한마디에 배우의 꿈을 갖게 되어 늦은 나이 서울예술대학 연극과에 입학했다. 그는 방송국 공채에 일곱 번이나 도전했지만, 모두 실패하고 연기에 소질이 없다는 말까지 들었지만 오로지 배우가 되기 위기 달렸다. 그 후 &lt;신장개업&gt;, &lt;세이 예스&gt;의 단역을 거쳐 &lt;달마야 놀자&gt;, &lt;놈놈놈&gt;, &lt;겨울연가&gt;, &lt;종합병원2&gt; 등의 작품을 거쳐 우리에게 익숙한 배우가 되었다. </p><p>  &nbsp;  </p><p>&nbsp; 이 책은 오랜 시간을 배우로 살아오며 류승수가 겪었던 에피소드를 총 4장으로 나누어 담고 있다. 1~3장까지는 각 장의 에피소드마다 그가 출연했던 작품에 대한 정보와 영화를 찍으며 그가 겪었던 일들을 소개한다. 마지막으로 4장에서는 배우를 희망하는 이들에게 오랜 시간 배우로 살아오면서 류승수가 겪은 현장 경험과 지식을 전한다. 이 책이 속한 분야</p><p>  &nbsp;  </p><br></p>\n'),(61,2,''),(62,1,'--- null\n+++ null\n@@ -1,1 +1,1 @@\n-<p><img style=\"width: 238.977px; height: 337px; cursor: nw-resize;\" src=\"http://192.168.0.149:8080/resources/upload/tmp/135393415879020age10.jpg/\"></p><p></p><p>&nbsp;<b> 인생의 홀로서기를 시작하는 청춘을 위한 김난도 교수의 따뜻한 멘토링! </b></p><p>&nbsp; 불안한 미래와 외로운 청춘을 보내고 있는 이 시대 젊은이들에게 보내는 편지 『아프니까 청춘이다』. 수많은 청춘들의 마음을 울린 김난도 교수가 여러 매체에 기고했던 글을 비롯해 총 42편의 격려 메시지를 하나로 묶어 소개한다. 네이버와 싸이월드를 통해 청춘들의 공감을 얻어내는 멘토링을 던져왔던 김난도 교수는 서울대학교 학생들이 뽑은 최고의 멘토이기도 하다. 그는 미래에 대한 불안감으로 힘들어하는 이들에게 따뜻한 위로의 글을 전한다. 또 때로는 차가운 지성의 언어로 청춘들이 미처 생각하지 못한 깨달음을 일깨워주어 아무리 독한 슬픔과 슬럼프를 만나더라도 스스로 극복하고 이겨낼 수 있는 용기를 전한다. </p><br><p></p>\r\n+<p><img src=\"http://192.168.0.149:8080/resources/upload/tmp/135393415879020age10.jpg/\"></p><p><p>&nbsp;<b> 인생의 홀로서기를 시작하는 청춘을 위한 김난도 교수의 따뜻한 멘토링! </b></p><p>&nbsp; 불안한 미래와 외로운 청춘을 보내고 있는 이 시대 젊은이들에게 보내는 편지 『아프니까 청춘이다』. 수많은 청춘들의 마음을 울린 김난도 교수가 여러 매체에 기고했던 글을 비롯해 총 42편의 격려 메시지를 하나로 묶어 소개한다. 네이버와 싸이월드를 통해 청춘들의 공감을 얻어내는 멘토링을 던져왔던 김난도 교수는 서울대학교 학생들이 뽑은 최고의 멘토이기도 하다. 그는 미래에 대한 불안감으로 힘들어하는 이들에게 따뜻한 위로의 글을 전한다. 또 때로는 차가운 지성의 언어로 청춘들이 미처 생각하지 못한 깨달음을 일깨워주어 아무리 독한 슬픔과 슬럼프를 만나더라도 스스로 극복하고 이겨낼 수 있는 용기를 전한다. </p><br></p>\n'),(62,2,'--- null\n+++ null\n@@ -1,6 +1,1 @@\n-<p><img style=\"width: 238.977px; height: 337px; cursor: nw-resize;\" src=\"http://192.168.0.149:8080/resources/upload/tmp/135393415879020age10.jpg/\"></p>\n-<p></p>\n-<p>&nbsp;<b> 인생의 홀로서기를 시작하는 청춘을 위한 김난도 교수의 따뜻한 멘토링! </b></p>\n-<p><br></p>\n-<br><p></p>\n-\r\n+<p><img style=\"width: 238.977px; height: 337px; cursor: nw-resize;\" src=\"http://192.168.0.149:8080/resources/upload/tmp/135393415879020age10.jpg/\"></p><p></p><p>&nbsp;<b> 인생의 홀로서기를 시작하는 청춘을 위한 김난도 교수의 따뜻한 멘토링! </b></p><p>&nbsp; 불안한 미래와 외로운 청춘을 보내고 있는 이 시대 젊은이들에게 보내는 편지 『아프니까 청춘이다』. 수많은 청춘들의 마음을 울린 김난도 교수가 여러 매체에 기고했던 글을 비롯해 총 42편의 격려 메시지를 하나로 묶어 소개한다. 네이버와 싸이월드를 통해 청춘들의 공감을 얻어내는 멘토링을 던져왔던 김난도 교수는 서울대학교 학생들이 뽑은 최고의 멘토이기도 하다. 그는 미래에 대한 불안감으로 힘들어하는 이들에게 따뜻한 위로의 글을 전한다. 또 때로는 차가운 지성의 언어로 청춘들이 미처 생각하지 못한 깨달음을 일깨워주어 아무리 독한 슬픔과 슬럼프를 만나더라도 스스로 극복하고 이겨낼 수 있는 용기를 전한다. </p><br><p></p>\r\n'),(62,3,''),(63,1,'--- null\n+++ null\n@@ -1,1 +1,1 @@\n-@@a12345/29/1##<br><br>올해 가기 전에 책을 읽어봅시다.<br>\n+<scrap><div class=\"ref\">출처 : <a href=\"/a12345\">준용이의 지식창고</a> > <a href=\"/a12345/29\">20대 추천 도서 - 나같은 배우 되지마</a></div><div class=\"contents\"><p><p><img src=\"http://192.168.0.149:8080/resources/upload/tmp/135393411847720age9.jpg/\"></p><p><b>&nbsp; 인내와 열정으로 성장한 배우 류승수, 막연한 동경만으로 가려진 배우의 삶의 뒤에 가려진 진짜 인생을 이야기하다! </b></p><p>&nbsp; 열정적이 배우 류승수의 일상과 인생을 담아낸 에세이 <font color=\"#e36c09\">『나 같은 배우 되지마』</font>. 배우라는 화려한 직업 속에 가려진 그들의 진짜 인생은 어떤 것일까? 배우 류승수는 인내와 열정 시행착오와 자기점검을 통해 진정한 배우로 거듭난 자신의 이야기를 담담하게 들려준다. 특히 ‘배우’를 ‘스타’와 혼동하거나 막연하게 환상을 가지고 배우를 바라보는 이들에게 우리나라에서 배우로 살아간다는 것이 어떤 일인지 진솔하게 전한다. </p><p>  &nbsp;  </p><p>&nbsp; 배우 류승수는 군복무를 마친 어느 날 친구의 말 한마디에 배우의 꿈을 갖게 되어 늦은 나이 서울예술대학 연극과에 입학했다. 그는 방송국 공채에 일곱 번이나 도전했지만, 모두 실패하고 연기에 소질이 없다는 말까지 들었지만 오로지 배우가 되기 위기 달렸다. 그 후 &lt;신장개업&gt;, &lt;세이 예스&gt;의 단역을 거쳐 &lt;달마야 놀자&gt;, &lt;놈놈놈&gt;, &lt;겨울연가&gt;, &lt;종합병원2&gt; 등의 작품을 거쳐 우리에게 익숙한 배우가 되었다. </p><p>  &nbsp;  </p><p>&nbsp; 이 책은 오랜 시간을 배우로 살아오며 류승수가 겪었던 에피소드를 총 4장으로 나누어 담고 있다. 1~3장까지는 각 장의 에피소드마다 그가 출연했던 작품에 대한 정보와 영화를 찍으며 그가 겪었던 일들을 소개한다. 마지막으로 4장에서는 배우를 희망하는 이들에게 오랜 시간 배우로 살아오면서 류승수가 겪은 현장 경험과 지식을 전한다. 이 책이 속한 분야</p><p>  &nbsp;  </p><br></p></div></scrap><br><br>올해 가기 전에 책을 읽어봅시다.<br>\n'),(63,2,''),(64,1,''),(64,2,''),(65,1,'--- null\n+++ null\n@@ -2,1 +2,0 @@\n-\r\n'),(65,2,''),(67,1,''),(68,1,''),(69,1,'--- null\n+++ null\n@@ -1,2 +1,1 @@\n-@@ryukimin/12/1##<div><br></div><div>인간이 되자???</div><div><br>@@hongzzang/1/2##\r\n-</div>\n+<scrap><div class=\"ref\">출처 : <a href=\"/ryukimin\">용기의 잡동사니</a> > <a href=\"/ryukimin/12\">LG 스마트폰 \'옵티머스G\' 미 컨슈머리포트 평가 1위</a></div><div class=\"contents\"><p><img src=\"http://192.168.0.149:8080/resources/upload/tmp/13539337958601353676701_hFYMkm0i_feogoo201211232042540.jpg/\"></p><p><p><br><br></p><p>LG전자가 휴대폰 명가부활을 선언하며 야심 차게 내놓은 전략 스마트폰 \'옵티머스G\'가 미국 최고권위의 컨슈머리포트에서</p><p>최고 제품으로 평가 받았다. LG전자 휴대폰이 컨슈머리포트 평가에서 1위에 오른 것은 이번이 처음이다.<br><br>23일 컨슈머리포트에 따르면 버라이존 AT&amp;T 스프린트 T모바일 등 미국 1~4위 이동통신업체에 공급하는 스마트폰을 대상으로</p><p>성능을 평가한 결과, 옵티머스G가 AT&amp;T와 스프린트용 스마트폰 중에 1위를 차지했다. 이번 평가는 사용 편의성, 화질, 통화,</p><p>배터리 사용시간, 카메라, 휴대성 등 10개 항목에 걸쳐 이뤄졌다.</p><p>옵티머스G는 AT&amp;T 제품 중에 사용편의성, 화질, 메시징, 웹 검색, 배터리 사용시간 등에서 \'최우수(excellent)\'평가를 받아</p><p>총점 79점으로 1위에 올랐다. 옵티머스G는 스프린트용 제품 중에서도 사용편의성, 화질, 메시징, 웹검색 4개 부문에서</p><p>최우수 평가를 받아 1위(77점)를 차지했다.<br><br><br></p><p>* 출처 :<a href=\"http://news.hankooki.com/lpage/economy/201211/h2012112321032421540.htm\">http://news.hankooki.com/lpage/economy/201211/h2012112321032421540.htm</a></p><br></p></div></scrap>\n'),(69,2,''),(70,1,''),(71,1,'--- null\n+++ null\n@@ -1,7 +1,6 @@\n-<h1><span style=\"background-color: rgb(79, 129, 189);\"><b>인간이 되라~~</b>~~~~!!</span></h1><p></p>\r\n-<p></p><p><br></p>\r\n-<br><p></p>\r\n-<p><br></p>\r\n-<p><img><img><img><img><img><img><span style=\"background-color: rgb(196, 189, 151);\"><img src=\"http://192.168.0.149:8080/resources/upload/tmp/1353998072170Taco.png/\" style=\"\"></span><br></p>\r\n-<hr><br>@@ryukimin/1/2##\r\n-<div><br></div><div><br></div>\n+<h1><span style=\"background-color: rgb(79, 129, 189);\"><b>인간이 되라~~</b>~~~~!!</span></h1><p></p>\n+<p><p><br></p>\n+<br></p>\n+<p><br></p>\n+<p><img><img><img><img><img><img><span style=\"background-color: rgb(196, 189, 151);\"><img src=\"http://192.168.0.149:8080/resources/upload/tmp/1353998072170Taco.png/\" style=\"cursor: nw-resize;\"></span><br></p>\n+<hr>\n'),(71,2,''),(72,1,''),(73,1,'--- null\n+++ null\n@@ -1,1 +1,1 @@\n-<p>ㅂㅂ</p>\r\n+<p>ㅂㅂ</p>\n'),(73,2,''),(74,1,''),(75,1,'--- null\n+++ null\n@@ -1,1 +1,1 @@\n-<p><img style=\"width: 400px; height: 1274px;\" src=\"http://192.168.0.149:8080/resources/upload/tmp/1353998553100sample12.jpg/\"></p>\n+<p><img src=\"http://192.168.0.149:8080/resources/upload/tmp/1353998553100sample12.jpg/\"></p>\n@@ -3,5 +3,0 @@\n-<p><br></p>\n-<p>modf<br></p>\n-\r\n-<p><br></p>\n-\r\n'),(75,2,''),(76,1,''),(77,1,'--- null\n+++ null\n@@ -1,5 +1,16 @@\n-@@ryukimin/11/1##\r\n-<p><br></p>\n-<p>샘플</p>\n-<br>@@a12345/35/1##\r\n-<div><br></div><div>추가</div>\n+<scrap><div class=\"ref\">출처 : <a href=\"/ryukimin\">용기의 잡동사니</a> > <a href=\"/ryukimin/11\">화장품의 종류- 크림</a></div><div class=\"contents\"><p>\r\n+\r\n+<p><p><img src=\"http://192.168.0.149:8080/resources/upload/tmp/13539334566035403774989.20120211210113.jpg/\"></p><br></p><p>몸을청결하게유지하고피부나모발을건강하게하는데필요한화장품.</p>\r\n+\r\n+<p>지방유나유랍중의하나와물을계면활성제(보통유화제라한다)로유화시켜원료와전혀다른품질형체로만든제품의총칭이다. 화장용크림류를사용목적및내용원료로대별하면, 유분이많은콜드, 즉클린싱타입의유성크림과비교적유분이적은배니싱타입의크림, 보통중성크림이라불리며애용되는, 양자의중간에해당되는하이지닉타입의크림등3계통이있다.</p>\r\n+\r\n+<p>① 콜드크림:청정작용을주목적으로하는콜드타입의것은유동파라핀이나흰색바셀린등광물성유랍을주로하여동물성유지와물을넣고유화시킨것이다. 피부표면에오래머물러있던먼지가땀이나피지와엉겨서강하게부착한경우나세숫비누로는떨어지지않는메이크업화장료등을씻어낼때쓰는외에마사지용, 무대화장의기초화장료로도이용되며, 이용범위가넓은크림이다. 모발의영양을겸한정발료인헤어크림도이에속한다.</p>\r\n+\r\n+<p>② 배니싱크림: 배니싱타입의크림은스테아르산·세탄올·경랍·정제라놀린등동물성유지에글리세롤·프로필렌글리콜·소르비톨등피부유연활달제를첨가한것이다. 4계절의기온변화나오염등외계의자극으로부터민감한피부를보호하고, 매끄럽게유지하며, 윤기있는피부로간직하기위해필요한크림이다. 화장용로션종류도내용·품질면에서보면배니싱타입에속한다.</p>\r\n+\r\n+<p>③ 하이지닉크림: 하이지닉타입의크림은양자의중간적인원료배합을한크림이나, 앞에서든동물성유지이외에스크아란·아몬드유·올리브유·라놀린알코올등직접피부의영양이될수있는원료유를많이함유한것이보통이며, 때로는여성호르몬등을첨가한것도있다. 일반적으로너리싱크림(영양크림) ·에멀리언트크림이라하는것으로, 중년이상의노화피부에상용한다. 그밖에염색·탈색·콜드퍼머넌트등으로상한모발을보호하거나, 끊어지거나갈라지는머리털에영양을주기위하여사용되는헤어트리트먼트크림류도이에속한다.</p>\r\n+\r\n+<p>실제로시판되는크림류는이상의어느한타입에는꼭속하지만, 조합향료의차이를비롯하여원료면에서도각각의특징을드러내기위하여기본원료이외의원료를추가하는것이보통이다. 그러나그제품에실제적인가치를부가하는것은유화기술이다. 크림류를선택할때주의할것은사용했을때피부에자극을주거나묵직한부담감을느끼게하는것은피부에맞지않는다는것을알아둔다. </p>\r\n+\r\n+<br></p></div></scrap>\r\n+<div><br></div><div>샘플</div>\n'),(77,2,'--- null\n+++ null\n@@ -1,1 +1,15 @@\n-@@ryukimin/11/1##\r\n+<scrap><div class=\"ref\">출처 : <a href=\"/ryukimin\">용기의 잡동사니</a> > <a href=\"/ryukimin/11\">화장품의 종류- 크림</a></div><div class=\"contents\"><p>\r\n+\r\n+<p><p><img src=\"http://192.168.0.149:8080/resources/upload/tmp/13539334566035403774989.20120211210113.jpg/\"></p><br></p><p>몸을청결하게유지하고피부나모발을건강하게하는데필요한화장품.</p>\r\n+\r\n+<p>지방유나유랍중의하나와물을계면활성제(보통유화제라한다)로유화시켜원료와전혀다른품질형체로만든제품의총칭이다. 화장용크림류를사용목적및내용원료로대별하면, 유분이많은콜드, 즉클린싱타입의유성크림과비교적유분이적은배니싱타입의크림, 보통중성크림이라불리며애용되는, 양자의중간에해당되는하이지닉타입의크림등3계통이있다.</p>\r\n+\r\n+<p>① 콜드크림:청정작용을주목적으로하는콜드타입의것은유동파라핀이나흰색바셀린등광물성유랍을주로하여동물성유지와물을넣고유화시킨것이다. 피부표면에오래머물러있던먼지가땀이나피지와엉겨서강하게부착한경우나세숫비누로는떨어지지않는메이크업화장료등을씻어낼때쓰는외에마사지용, 무대화장의기초화장료로도이용되며, 이용범위가넓은크림이다. 모발의영양을겸한정발료인헤어크림도이에속한다.</p>\r\n+\r\n+<p>② 배니싱크림: 배니싱타입의크림은스테아르산·세탄올·경랍·정제라놀린등동물성유지에글리세롤·프로필렌글리콜·소르비톨등피부유연활달제를첨가한것이다. 4계절의기온변화나오염등외계의자극으로부터민감한피부를보호하고, 매끄럽게유지하며, 윤기있는피부로간직하기위해필요한크림이다. 화장용로션종류도내용·품질면에서보면배니싱타입에속한다.</p>\r\n+\r\n+<p>③ 하이지닉크림: 하이지닉타입의크림은양자의중간적인원료배합을한크림이나, 앞에서든동물성유지이외에스크아란·아몬드유·올리브유·라놀린알코올등직접피부의영양이될수있는원료유를많이함유한것이보통이며, 때로는여성호르몬등을첨가한것도있다. 일반적으로너리싱크림(영양크림) ·에멀리언트크림이라하는것으로, 중년이상의노화피부에상용한다. 그밖에염색·탈색·콜드퍼머넌트등으로상한모발을보호하거나, 끊어지거나갈라지는머리털에영양을주기위하여사용되는헤어트리트먼트크림류도이에속한다.</p>\r\n+\r\n+<p>실제로시판되는크림류는이상의어느한타입에는꼭속하지만, 조합향료의차이를비롯하여원료면에서도각각의특징을드러내기위하여기본원료이외의원료를추가하는것이보통이다. 그러나그제품에실제적인가치를부가하는것은유화기술이다. 크림류를선택할때주의할것은사용했을때피부에자극을주거나묵직한부담감을느끼게하는것은피부에맞지않는다는것을알아둔다. </p>\r\n+\r\n+<br></p></div></scrap>\r\n@@ -4,1 +18,2 @@\n-<br>@@a12345/35/2##\r\n+<br><scrap><div class=\"ref\">출처 : <a href=\"/a12345\">준용이의 지식창고</a> > <a href=\"/a12345/35\">사랑의 끝이 뾰족한 이유//...</a></div><div class=\"contents\"><p><img src=\"http://192.168.0.149:8080/resources/upload/tmp/1353998553100sample12.jpg/\"></p>\n+<p><br></p></div></scrap>\r\n'),(77,3,''),(78,1,'--- null\n+++ null\n@@ -1,2 +1,67 @@\n-@@ryukimin/11/5##\r\n-<div><br></div><div>버전</div><br />@@a12345/30/2##\n+<scrap><div class=\"ref\">출처 : <a href=\"/ryukimin\">용기의 잡동사니</a> > <a href=\"/ryukimin/11\">화장품의 종류- 크림</a></div><div class=\"contents\"><p>\r\n+\r\n+</p>\n+\r\n+\r\n+\r\n+<p></p>\n+\r\n+\r\n+\r\n+<p>ddfdff</p>\n+\r\n+<p>ㅇㅇㅇ</p>\n+\r\n+<p>네번째</p>\n+\r\n+\r\n+<p><br></p>\n+\r\n+\r\n+<p><img src=\"http://192.168.0.149:8080/resources/upload/tmp/13539334566035403774989.20120211210113.jpg/\" style=\"\"></p>\n+\r\n+\r\n+\r\n+<br><p></p>\n+\r\n+\r\n+\r\n+<p>몸을청결하게유지하고피부나모발을건강하게하는데필요한화장품.</p>\n+\r\n+\r\n+\r\n+\r\n+\r\n+<p>지방유나유랍중의하나와물을계면활성제(보통유화제라한다)로유화시켜원료와전혀다른품질형체로만든제품의총칭이다. 화장용크림류를사용목적및내용원료로대별하면, 유분이많은콜드, 즉클린싱타입의유성크림과비교적유분이적은배니싱타입의크림, 보통중성크림이라불리며애용되는, 양자의중간에해당되는하이지닉타입의크림등3계통이있다.</p>\n+\r\n+\r\n+\r\n+\r\n+\r\n+<p><br></p>\n+\r\n+\r\n+\r\n+\r\n+\r\n+<p>② 배니싱크림: 배니싱타입의크림은스테아르산·세탄올·경랍·정제라놀린등동물성유지에글리세롤·프로필렌글리콜·소르비톨등피부유연활달제를첨가한것이다. 4계절의기온변화나오염등외계의자극으로부터민감한피부를보호하고, 매끄럽게유지하며, 윤기있는피부로간직하기위해필요한크림이다. 화장용로션종류도내용·품질면에서보면배니싱타입에속한다.</p>\n+\r\n+\r\n+\r\n+\r\n+\r\n+<p>③ 하이지닉크림: 하이지닉타입의크림은양자의중간적인원료배합을한크림이나, 앞에서든동물성유지이외에스크아란·아몬드유·올리브유·라놀린알코올등직접피부의영양이될수있는원료유를많이함유한것이보통이며, 때로는여성호르몬등을첨가한것도있다. 일반적으로너리싱크림(영양크림) ·에멀리언트크림이라하는것으로, 중년이상의노화피부에상용한다. 그밖에염색·탈색·콜드퍼머넌트등으로상한모발을보호하거나, 끊어지거나갈라지는머리털에영양을주기위하여사용되는헤어트리트먼트크림류도이에속한다.</p>\n+\r\n+\r\n+\r\n+\r\n+\r\n+<p>실제로시판되는크림류는이상의어느한타입에는꼭속하지만, 조합향료의차이를비롯하여원료면에서도각각의특징을드러내기위하여기본원료이외의원료를추가하는것이보통이다. 그러나그제품에실제적인가치를부가하는것은유화기술이다. 크림류를선택할때주의할것은사용했을때피부에자극을주거나묵직한부담감을느끼게하는것은피부에맞지않는다는것을알아둔다. </p>\n+\r\n+\r\n+\r\n+\r\n+\r\n+<br><p></p>\n+\r</div></scrap>\r\n+<div><br></div><div>버전</div>\n'),(78,2,'--- null\n+++ null\n@@ -1,2 +1,67 @@\n-@@ryukimin/11/6##\r\n-<div><br></div><div>버전</div><br />@@a12345/30/2##\n+<scrap><div class=\"ref\">출처 : <a href=\"/ryukimin\">용기의 잡동사니</a> > <a href=\"/ryukimin/11\">화장품의 종류- 크림</a></div><div class=\"contents\"><p>\r\n+\r\n+</p>\n+\r\n+\r\n+\r\n+<p></p>\n+\r\n+\r\n+\r\n+<p>ddfdff</p>\n+\r\n+<p>ㅇㅇㅇ</p>\n+\r\n+<p>네번째</p>\n+\r\n+\r\n+<p><br></p>\n+\r\n+\r\n+<p><img src=\"http://192.168.0.149:8080/resources/upload/tmp/13539334566035403774989.20120211210113.jpg/\" style=\"\"></p>\n+\r\n+\r\n+\r\n+<br><p></p>\n+\r\n+\r\n+\r\n+<p>몸을청결하게유지하고피부나모발을건강하게하는데필요한화장품.</p>\n+\r\n+\r\n+\r\n+\r\n+\r\n+<p>지방유나유랍중의하나와물을계면활성제(보통유화제라한다)로유화시켜원료와전혀다른품질형체로만든제품의총칭이다. 화장용크림류를사용목적및내용원료로대별하면, 유분이많은콜드, 즉클린싱타입의유성크림과비교적유분이적은배니싱타입의크림, 보통중성크림이라불리며애용되는, 양자의중간에해당되는하이지닉타입의크림등3계통이있다.</p>\n+\r\n+\r\n+\r\n+\r\n+\r\n+<p><br></p>\n+\r\n+\r\n+\r\n+\r\n+\r\n+<p>② 배니싱크림: 배니싱타입의크림은스테아르산·세탄올·경랍·정제라놀린등동물성유지에글리세롤·프로필렌글리콜·소르비톨등피부유연활달제를첨가한것이다. 4계절의기온변화나오염등외계의자극으로부터민감한피부를보호하고, 매끄럽게유지하며, 윤기있는피부로간직하기위해필요한크림이다. 화장용로션종류도내용·품질면에서보면배니싱타입에속한다.</p>\n+\r\n+\r\n+\r\n+\r\n+\r\n+<p>③ 하이지닉크림: 하이지닉타입의크림은양자의중간적인원료배합을한크림이나, 앞에서든동물성유지이외에스크아란·아몬드유·올리브유·라놀린알코올등직접피부의영양이될수있는원료유를많이함유한것이보통이며, 때로는여성호르몬등을첨가한것도있다. 일반적으로너리싱크림(영양크림) ·에멀리언트크림이라하는것으로, 중년이상의노화피부에상용한다. 그밖에염색·탈색·콜드퍼머넌트등으로상한모발을보호하거나, 끊어지거나갈라지는머리털에영양을주기위하여사용되는헤어트리트먼트크림류도이에속한다.</p>\n+\r\n+\r\n+\r\n+\r\n+\r\n+<p>실제로시판되는크림류는이상의어느한타입에는꼭속하지만, 조합향료의차이를비롯하여원료면에서도각각의특징을드러내기위하여기본원료이외의원료를추가하는것이보통이다. 그러나그제품에실제적인가치를부가하는것은유화기술이다. 크림류를선택할때주의할것은사용했을때피부에자극을주거나묵직한부담감을느끼게하는것은피부에맞지않는다는것을알아둔다. </p>\n+\r\n+\r\n+\r\n+\r\n+\r\n+<br><p></p>\n+\r</div></scrap>\r\n+<div><br></div><div>버전</div><br /><scrap><div class=\"ref\">출처 : <a href=\"/a12345\">준용이의 지식창고</a> > <a href=\"/a12345/30\">20대 추천 도서 - 아프니까 청춘이다.</a></div><div class=\"contents\"><p><img style=\"width: 238.977px; height: 337px; cursor: nw-resize;\" src=\"http://192.168.0.149:8080/resources/upload/tmp/135393415879020age10.jpg/\"></p><p></p><p>&nbsp;<b> 인생의 홀로서기를 시작하는 청춘을 위한 김난도 교수의 따뜻한 멘토링! </b></p><p>&nbsp; 불안한 미래와 외로운 청춘을 보내고 있는 이 시대 젊은이들에게 보내는 편지 『아프니까 청춘이다』. 수많은 청춘들의 마음을 울린 김난도 교수가 여러 매체에 기고했던 글을 비롯해 총 42편의 격려 메시지를 하나로 묶어 소개한다. 네이버와 싸이월드를 통해 청춘들의 공감을 얻어내는 멘토링을 던져왔던 김난도 교수는 서울대학교 학생들이 뽑은 최고의 멘토이기도 하다. 그는 미래에 대한 불안감으로 힘들어하는 이들에게 따뜻한 위로의 글을 전한다. 또 때로는 차가운 지성의 언어로 청춘들이 미처 생각하지 못한 깨달음을 일깨워주어 아무리 독한 슬픔과 슬럼프를 만나더라도 스스로 극복하고 이겨낼 수 있는 용기를 전한다. </p><br><p></p>\r</div></scrap>\n'),(78,3,''),(79,1,'--- null\n+++ null\n@@ -2,1 +2,0 @@\n-\r\n'),(79,2,'--- null\n+++ null\n@@ -3,1 +3,0 @@\n-\r\n'),(79,3,'');
/*!40000 ALTER TABLE `post_revision` ENABLE KEYS */;
UNLOCK TABLES;

--
-- Table structure for table `post_tag`
--

DROP TABLE IF EXISTS `post_tag`;
/*!40101 SET @saved_cs_client     = @@character_set_client */;
/*!40101 SET character_set_client = utf8 */;
CREATE TABLE `post_tag` (
  `postId` bigint(20) NOT NULL,
  `tag_value` varchar(100) NOT NULL
) ENGINE=InnoDB DEFAULT CHARSET=utf8;
/*!40101 SET character_set_client = @saved_cs_client */;

--
-- Dumping data for table `post_tag`
--

LOCK TABLES `post_tag` WRITE;
/*!40000 ALTER TABLE `post_tag` DISABLE KEYS */;
INSERT INTO `post_tag` VALUES (31,'광해'),(60,'Ubuntu'),(60,'윈도우'),(3,'소켓'),(13,'운동'),(64,'java'),(1,'제주도'),(25,'비타민'),(25,'악마'),(22,'세계사'),(22,'식탁'),(71,'홍익'),(71,'짱'),(71,'인간'),(62,'청춘'),(1,'광해'),(49,'Java'),(49,'팜플렛'),(49,'광해'),(45,'팜플렛'),(28,'내가 살인범이다'),(28,'정재영'),(28,'박시후'),(28,'김영애'),(24,'정재영'),(29,'범죄소년'),(26,'내가 살인범이다'),(57,'윈도우'),(79,'팜플렛'),(30,'범죄소년');
/*!40000 ALTER TABLE `post_tag` ENABLE KEYS */;
UNLOCK TABLES;

--
-- Table structure for table `scraps`
--

DROP TABLE IF EXISTS `scraps`;
/*!40101 SET @saved_cs_client     = @@character_set_client */;
/*!40101 SET character_set_client = utf8 */;
CREATE TABLE `scraps` (
  `postId` bigint(20) NOT NULL,
  `targetPostId` bigint(20) NOT NULL,
  `targetPostRevisionId` bigint(20) NOT NULL,
  PRIMARY KEY (`postId`,`targetPostId`)
) ENGINE=InnoDB DEFAULT CHARSET=utf8;
/*!40101 SET character_set_client = @saved_cs_client */;

--
-- Dumping data for table `scraps`
--

LOCK TABLES `scraps` WRITE;
/*!40000 ALTER TABLE `scraps` DISABLE KEYS */;
INSERT INTO `scraps` VALUES (36,35,2),(45,35,2),(63,61,1),(69,51,1),(69,71,2),(71,3,2),(77,43,1),(77,75,2),(78,43,6),(78,62,2);
/*!40000 ALTER TABLE `scraps` ENABLE KEYS */;
UNLOCK TABLES;

--
-- Table structure for table `trackback`
--

DROP TABLE IF EXISTS `trackback`;
/*!40101 SET @saved_cs_client     = @@character_set_client */;
/*!40101 SET character_set_client = utf8 */;
CREATE TABLE `trackback` (
  `blogId` varchar(10) NOT NULL,
  `postId` bigint(20) NOT NULL,
  `url` varchar(100) NOT NULL,
  `blogName` varchar(100) NOT NULL,
  `title` varchar(50) NOT NULL,
  `excerpt` varchar(512) NOT NULL,
  `dateCreated` timestamp NOT NULL DEFAULT CURRENT_TIMESTAMP ON UPDATE CURRENT_TIMESTAMP
) ENGINE=InnoDB DEFAULT CHARSET=utf8;
/*!40101 SET character_set_client = @saved_cs_client */;

--
-- Dumping data for table `trackback`
--

LOCK TABLES `trackback` WRITE;
/*!40000 ALTER TABLE `trackback` DISABLE KEYS */;
/*!40000 ALTER TABLE `trackback` ENABLE KEYS */;
UNLOCK TABLES;

--
-- Table structure for table `users`
--

DROP TABLE IF EXISTS `users`;
/*!40101 SET @saved_cs_client     = @@character_set_client */;
/*!40101 SET character_set_client = utf8 */;
CREATE TABLE `users` (
  `id` varchar(50) NOT NULL DEFAULT '',
  `password` varchar(50) NOT NULL,
  `name` varchar(40) NOT NULL,
  `firstName` varchar(20) NOT NULL,
  `lastName` varchar(20) NOT NULL,
  `sex` char(6) NOT NULL,
  `birthday` timestamp NOT NULL DEFAULT CURRENT_TIMESTAMP ON UPDATE CURRENT_TIMESTAMP,
  PRIMARY KEY (`id`)
) ENGINE=InnoDB DEFAULT CHARSET=utf8;
/*!40101 SET character_set_client = @saved_cs_client */;

--
-- Dumping data for table `users`
--

LOCK TABLES `users` WRITE;
/*!40000 ALTER TABLE `users` DISABLE KEYS */;
INSERT INTO `users` VALUES ('2127825@naver.com','HMtUxG0ujvtl2B1QYNmXbA==','강현모','현모','강','male','1986-11-25 15:00:00'),('abaddon001@naver.com','F2KKe5J3CYkmU3L9WVrA5A==','최준용','준용','최','male','1985-03-10 15:00:00'),('freebb@dreamwiz.com','bFDBy+PNnpDAipuZVlY9xQ==','배경한','경한','배','male','1990-10-26 15:00:00'),('kwakyc87@gmail.com','pE78txvHku+BtQfd4PD69A==','곽영철','영철','곽','male','1987-08-29 15:00:00'),('ryukimin@gmail.com','43EcDjo6s0CrGUiHIlFSRg==','민용기','용기','민','male','1984-07-20 15:00:00');
/*!40000 ALTER TABLE `users` ENABLE KEYS */;
UNLOCK TABLES;
/*!40103 SET TIME_ZONE=@OLD_TIME_ZONE */;

/*!40101 SET SQL_MODE=@OLD_SQL_MODE */;
/*!40014 SET FOREIGN_KEY_CHECKS=@OLD_FOREIGN_KEY_CHECKS */;
/*!40014 SET UNIQUE_CHECKS=@OLD_UNIQUE_CHECKS */;
/*!40101 SET CHARACTER_SET_CLIENT=@OLD_CHARACTER_SET_CLIENT */;
/*!40101 SET CHARACTER_SET_RESULTS=@OLD_CHARACTER_SET_RESULTS */;
/*!40101 SET COLLATION_CONNECTION=@OLD_COLLATION_CONNECTION */;
/*!40111 SET SQL_NOTES=@OLD_SQL_NOTES */;

-- Dump completed on 2012-12-09 14:14:18
